time,target,measured,raw,action,error,controller,PID.Kp,PID.Ki,PID.Kd,TBH.gain,TBH.approx,allow-readify
1574.9987,0.0,-0.0,0.0,1.700746,-0.0,TBH,-0.1,-0.2,0.0,-0.15,0.0,1.0
1575.1986,0.0,-0.0,0.0,1.700746,-0.0,TBH,-0.1,-0.2,0.0,-0.15,0.0,1.0
1575.1986,0.0,-0.0,0.0,1.700746,-0.0,TBH,-0.1,-0.2,0.0,-0.15,0.0,1.0
1575.1986,0.0,-0.0,0.0,1.700746,-0.0,TBH,-0.1,-0.2,0.0,-0.15,0.0,1.0
1575.1986,0.0,-0.0,0.0,1.700746,-0.0,TBH,-0.1,-0.2,0.0,-0.15,0.0,1.0
1575.3987,0.0,-0.0,0.0,1.700746,-0.0,TBH,-0.1,-0.2,0.0,-0.15,0.0,1.0
1575.3987,0.0,-0.0,0.0,1.700746,-0.0,TBH,-0.1,-0.2,0.0,-0.15,0.0,1.0
1575.3987,0.0,-0.0,0.0,1.700746,-0.0,TBH,-0.1,-0.2,0.0,-0.15,0.0,1.0
1575.5988,0.0,-0.0,0.0,1.700746,-0.0,TBH,-0.1,-0.2,0.0,-0.15,0.0,1.0
1575.5988,0.0,-0.0,0.0,1.700746,-0.0,TBH,-0.1,-0.2,0.0,-0.15,0.0,1.0
1575.5988,0.0,-0.0,0.0,1.700746,-0.0,TBH,-0.1,-0.2,0.0,-0.15,0.0,1.0
1575.5988,0.0,-0.0,0.0,1.700746,-0.0,TBH,-0.1,-0.2,0.0,-0.15,0.0,1.0
1575.7987,0.0,-0.0,0.0,1.700746,-0.0,TBH,-0.1,-0.2,0.0,-0.15,0.0,1.0
1575.7987,0.0,-0.0,0.0,1.700746,-0.0,TBH,-0.1,-0.2,0.0,-0.15,0.0,1.0
1575.9985,0.0,-0.0,0.0,1.700746,-0.0,TBH,-0.1,-0.2,0.0,-0.15,0.0,1.0
1575.9985,0.0,-0.0,0.0,1.700746,-0.0,TBH,-0.1,-0.2,0.0,-0.15,0.0,1.0
1575.9985,0.0,-0.0,0.0,1.700746,-0.0,TBH,-0.1,-0.2,0.0,-0.15,0.0,1.0
1576.1986,0.0,-0.0,0.0,1.700746,-0.0,TBH,-0.1,-0.2,0.0,-0.15,0.0,1.0
1576.1986,0.0,-0.0,0.0,1.700746,-0.0,TBH,-0.1,-0.2,0.0,-0.15,0.0,1.0
1576.1986,0.0,-0.0,0.0,1.700746,-0.0,TBH,-0.1,-0.2,0.0,-0.15,0.0,1.0
1576.3986,0.0,-0.0,0.0,1.700746,-0.0,TBH,-0.1,-0.2,0.0,-0.15,0.0,1.0
1576.3986,0.0,-0.0,0.0,1.700746,-0.0,TBH,-0.1,-0.2,0.0,-0.15,0.0,1.0
1576.3986,0.0,-0.0,0.0,1.700746,-0.0,TBH,-0.1,-0.2,0.0,-0.15,0.0,1.0
1576.5986,0.0,-0.0,0.0,1.700746,-0.0,TBH,-0.1,-0.2,0.0,-0.15,0.0,1.0
1576.5986,0.0,-0.0,0.0,1.700746,-0.0,TBH,-0.1,-0.2,0.0,-0.15,0.0,1.0
1576.7986,0.0,-0.0,0.0,1.700746,-0.0,TBH,-0.1,-0.2,0.0,-0.15,0.0,1.0
1576.7986,0.0,-0.0,0.0,1.700746,-0.0,TBH,-0.1,-0.2,0.0,-0.15,0.0,1.0
1576.7986,0.0,-0.0,0.0,1.700746,-0.0,TBH,-0.1,-0.2,0.0,-0.15,0.0,1.0
1576.7986,0.0,-0.0,0.0,1.700746,-0.0,TBH,-0.1,-0.2,0.0,-0.15,0.0,1.0
1576.7986,0.0,-0.0,0.0,1.700746,-0.0,TBH,-0.1,-0.2,0.0,-0.15,0.0,1.0
1576.9987,0.0,-0.0,0.0,1.700746,-0.0,TBH,-0.1,-0.2,0.0,-0.15,0.0,1.0
1576.9987,0.0,-0.0,0.0,1.700746,-0.0,TBH,-0.1,-0.2,0.0,-0.15,0.0,1.0
1576.9987,0.0,-0.0,0.0,1.700746,-0.0,TBH,-0.1,-0.2,0.0,-0.15,0.0,1.0
1577.1986,0.0,-0.0,0.0,1.700746,-0.0,TBH,-0.1,-0.2,0.0,-0.15,0.0,1.0
1577.1986,0.0,-0.0,0.0,1.700746,-0.0,TBH,-0.1,-0.2,0.0,-0.15,0.0,1.0
1577.1986,0.0,-0.0,0.0,1.700746,-0.0,TBH,-0.1,-0.2,0.0,-0.15,0.0,1.0
1577.1986,0.0,-0.0,0.0,1.700746,-0.0,TBH,-0.1,-0.2,0.0,-0.15,0.0,1.0
1577.3987,0.0,-0.0,0.0,1.700746,-0.0,TBH,-0.1,-0.2,0.0,-0.15,0.0,1.0
1577.3987,0.0,-0.0,0.0,1.700746,-0.0,TBH,-0.1,-0.2,0.0,-0.15,0.0,1.0
1577.5986,500.0,-0.0,0.0,9.184824,-500.0,TBH,-0.1,-0.2,0.0,-0.15,0.0,1.0
1577.6786,500.0,-0.0,0.0,15.184973,-500.0,TBH,-0.1,-0.2,0.0,-0.15,0.0,1.0
1577.7585,500.0,-0.0,0.0,21.184824,-500.0,TBH,-0.1,-0.2,0.0,-0.15,0.0,1.0
1577.8386,500.0,-0.0,0.0,27.184824,-500.0,TBH,-0.1,-0.2,0.0,-0.15,0.0,1.0
1577.9186,500.0,-0.0,0.0,33.184822,-500.0,TBH,-0.1,-0.2,0.0,-0.15,0.0,1.0
1577.9186,500.0,-0.0,0.0,33.184822,-500.0,TBH,-0.1,-0.2,0.0,-0.15,0.0,1.0
1577.9985,500.0,-0.0,0.0,39.184822,-500.0,TBH,-0.1,-0.2,0.0,-0.15,0.0,1.0
1578.0786,500.0,22.620676,83.325005,45.045578,-477.37933,TBH,-0.1,-0.2,0.0,-0.15,0.0,1.0
1578.0786,500.0,22.620676,83.325005,45.045578,-477.37933,TBH,-0.1,-0.2,0.0,-0.15,0.0,1.0
1578.1586,500.0,65.032715,166.65001,50.440704,-434.9673,TBH,-0.1,-0.2,0.0,-0.15,0.0,1.0
1578.2386,500.0,114.313705,208.31252,55.27129,-385.68628,TBH,-0.1,-0.2,0.0,-0.15,0.0,1.0
1578.3186,500.0,172.64214,291.6375,59.471157,-327.35785,TBH,-0.1,-0.2,0.0,-0.15,0.0,1.0
1578.3186,500.0,172.64214,291.6375,59.471157,-327.35785,TBH,-0.1,-0.2,0.0,-0.15,0.0,1.0
1578.3986,500.0,231.65346,333.35004,62.939465,-268.34656,TBH,-0.1,-0.2,0.0,-0.15,0.0,1.0
1578.4786,500.0,303.195,458.2875,65.62109,-196.805,TBH,-0.1,-0.2,0.0,-0.15,0.0,1.0
1578.4786,500.0,303.195,458.2875,65.62109,-196.805,TBH,-0.1,-0.2,0.0,-0.15,0.0,1.0
1578.5586,500.0,375.04156,541.61255,67.43595,-124.958435,TBH,-0.1,-0.2,0.0,-0.15,0.0,1.0
1578.6385,500.0,447.80203,624.93756,68.40048,-52.197968,TBH,-0.1,-0.2,0.0,-0.15,0.0,1.0
1578.7186,500.0,520.0309,666.60004,38.80019,20.030884,TBH,-0.1,-0.2,0.0,-0.15,0.0,1.0
1578.7186,500.0,520.0309,666.60004,38.80019,20.030884,TBH,-0.1,-0.2,0.0,-0.15,0.0,1.0
1578.7986,500.0,576.86957,666.60004,38.084835,76.86957,TBH,-0.1,-0.2,0.0,-0.15,0.0,1.0
1578.8785,500.0,629.95715,749.925,36.7682,129.95715,TBH,-0.1,-0.2,0.0,-0.15,0.0,1.0
1578.8785,500.0,629.95715,749.925,36.7682,129.95715,TBH,-0.1,-0.2,0.0,-0.15,0.0,1.0
1578.9586,500.0,664.82544,749.925,34.959644,164.82544,TBH,-0.1,-0.2,0.0,-0.15,0.0,1.0
1579.0386,500.0,686.99194,749.925,32.80814,186.99194,TBH,-0.1,-0.2,0.0,-0.15,0.0,1.0
1579.1187,500.0,704.4917,708.2625,30.405634,204.4917,TBH,-0.1,-0.2,0.0,-0.15,0.0,1.0
1579.1986,500.0,708.3942,666.60004,27.886,208.39423,TBH,-0.1,-0.2,0.0,-0.15,0.0,1.0
1579.1986,500.0,708.3942,666.60004,27.886,208.39423,TBH,-0.1,-0.2,0.0,-0.15,0.0,1.0
1579.2786,500.0,716.62555,749.925,25.35824,216.62555,TBH,-0.1,-0.2,0.0,-0.15,0.0,1.0
1579.3586,500.0,724.76776,791.5875,22.70308,224.76776,TBH,-0.1,-0.2,0.0,-0.15,0.0,1.0
1579.4386,500.0,707.5658,708.2625,20.113634,207.5658,TBH,-0.1,-0.2,0.0,-0.15,0.0,1.0
1579.5186,500.0,707.0372,666.60004,17.59936,207.03717,TBH,-0.1,-0.2,0.0,-0.15,0.0,1.0
1579.5986,500.0,703.3144,666.60004,15.123842,203.31439,TBH,-0.1,-0.2,0.0,-0.15,0.0,1.0
1579.6786,500.0,694.07745,666.5334,12.749595,194.07745,TBH,-0.1,-0.2,0.0,-0.15,0.0,1.0
1579.6786,500.0,694.07745,666.5334,12.749595,194.07745,TBH,-0.1,-0.2,0.0,-0.15,0.0,1.0
1579.7585,500.0,681.2792,666.60004,10.528891,181.27917,TBH,-0.1,-0.2,0.0,-0.15,0.0,1.0
1579.8386,500.0,666.092,666.60004,8.493836,166.09198,TBH,-0.1,-0.2,0.0,-0.15,0.0,1.0
1579.8386,500.0,666.092,666.60004,8.493836,166.09198,TBH,-0.1,-0.2,0.0,-0.15,0.0,1.0
1579.9186,500.0,644.7921,583.275,6.668741,144.79211,TBH,-0.1,-0.2,0.0,-0.15,0.0,1.0
1579.9985,500.0,625.90125,541.66675,5.033687,125.901245,TBH,-0.1,-0.2,0.0,-0.15,0.0,1.0
1580.0786,500.0,599.8898,499.95,3.706378,99.88977,TBH,-0.1,-0.2,0.0,-0.15,0.0,1.0
1580.1586,500.0,553.45306,416.62503,2.827587,53.453064,TBH,-0.1,-0.2,0.0,-0.15,0.0,1.0
1580.1586,500.0,553.45306,416.62503,2.827587,53.453064,TBH,-0.1,-0.2,0.0,-0.15,0.0,1.0
1580.2386,500.0,487.2037,333.30002,20.762072,-12.796295,TBH,-0.1,-0.2,0.0,-0.15,0.0,1.0
1580.3186,500.0,430.12012,291.6375,21.345814,-69.87988,TBH,-0.1,-0.2,0.0,-0.15,0.0,1.0
1580.3186,500.0,430.12012,291.6375,21.345814,-69.87988,TBH,-0.1,-0.2,0.0,-0.15,0.0,1.0
1580.3986,500.0,381.7927,291.6375,22.540974,-118.207306,TBH,-0.1,-0.2,0.0,-0.15,0.0,1.0
1580.4786,500.0,370.75577,374.9625,24.117975,-129.24423,TBH,-0.1,-0.2,0.0,-0.15,0.0,1.0
1580.4786,500.0,370.75577,374.9625,24.117975,-129.24423,TBH,-0.1,-0.2,0.0,-0.15,0.0,1.0
1580.5586,500.0,339.80627,291.6375,25.90734,-160.19373,TBH,-0.1,-0.2,0.0,-0.15,0.0,1.0
1580.6385,500.0,319.87576,291.6375,27.994217,-180.12424,TBH,-0.1,-0.2,0.0,-0.15,0.0,1.0
1580.6385,500.0,319.87576,291.6375,27.994217,-180.12424,TBH,-0.1,-0.2,0.0,-0.15,0.0,1.0
1580.7186,500.0,310.5117,291.6375,30.241383,-189.48831,TBH,-0.1,-0.2,0.0,-0.15,0.0,1.0
1580.7186,500.0,310.5117,291.6375,30.241383,-189.48831,TBH,-0.1,-0.2,0.0,-0.15,0.0,1.0
1580.7986,500.0,310.44254,291.6375,32.489513,-189.55746,TBH,-0.1,-0.2,0.0,-0.15,0.0,1.0
1580.8785,500.0,318.31378,333.30002,34.702034,-181.68622,TBH,-0.1,-0.2,0.0,-0.15,0.0,1.0
1580.9586,500.0,327.64478,374.9625,36.828968,-172.35522,TBH,-0.1,-0.2,0.0,-0.15,0.0,1.0
1580.9586,500.0,327.64478,374.9625,36.828968,-172.35522,TBH,-0.1,-0.2,0.0,-0.15,0.0,1.0
1581.0386,500.0,340.55502,374.9625,38.802547,-159.44498,TBH,-0.1,-0.2,0.0,-0.15,0.0,1.0
1581.1187,500.0,352.73715,374.9625,40.631462,-147.26285,TBH,-0.1,-0.2,0.0,-0.15,0.0,1.0
1581.1187,500.0,352.73715,374.9625,40.631462,-147.26285,TBH,-0.1,-0.2,0.0,-0.15,0.0,1.0
1581.1986,500.0,374.72137,416.62503,42.225037,-125.278625,TBH,-0.1,-0.2,0.0,-0.15,0.0,1.0
1581.2786,500.0,397.06186,458.2875,43.578228,-102.93814,TBH,-0.1,-0.2,0.0,-0.15,0.0,1.0
1581.3586,500.0,421.88184,458.2875,44.62337,-78.118164,TBH,-0.1,-0.2,0.0,-0.15,0.0,1.0
1581.4386,500.0,448.74643,499.95,45.348713,-51.25357,TBH,-0.1,-0.2,0.0,-0.15,0.0,1.0
1581.4386,500.0,448.74643,499.95,45.348713,-51.25357,TBH,-0.1,-0.2,0.0,-0.15,0.0,1.0
1581.5186,500.0,481.07523,541.61255,45.721592,-18.924774,TBH,-0.1,-0.2,0.0,-0.15,0.0,1.0
1581.5986,500.0,506.07785,583.275,33.26687,6.07785,TBH,-0.1,-0.2,0.0,-0.15,0.0,1.0
1581.5986,500.0,506.07785,583.275,33.26687,6.07785,TBH,-0.1,-0.2,0.0,-0.15,0.0,1.0
1581.6786,500.0,532.63916,583.2167,32.984173,32.63916,TBH,-0.1,-0.2,0.0,-0.15,0.0,1.0
1581.7585,500.0,551.0877,583.275,32.48213,51.087708,TBH,-0.1,-0.2,0.0,-0.15,0.0,1.0
1581.8386,500.0,570.0936,624.93756,31.745287,70.09363,TBH,-0.1,-0.2,0.0,-0.15,0.0,1.0
1581.9186,500.0,578.8118,624.93756,30.855679,78.81183,TBH,-0.1,-0.2,0.0,-0.15,0.0,1.0
1581.9186,500.0,578.8118,624.93756,30.855679,78.81183,TBH,-0.1,-0.2,0.0,-0.15,0.0,1.0
1581.9985,500.0,584.1152,583.275,29.873867,84.11517,TBH,-0.1,-0.2,0.0,-0.15,0.0,1.0
1582.0786,500.0,589.9196,583.275,28.78059,89.91962,TBH,-0.1,-0.2,0.0,-0.15,0.0,1.0
1582.1586,500.0,586.06964,499.95,27.676641,86.06964,TBH,-0.1,-0.2,0.0,-0.15,0.0,1.0
1582.1586,500.0,586.06964,499.95,27.676641,86.06964,TBH,-0.1,-0.2,0.0,-0.15,0.0,1.0
1582.2386,500.0,586.7116,666.60004,26.693977,86.71161,TBH,-0.1,-0.2,0.0,-0.15,0.0,1.0
1582.3186,500.0,603.28973,624.93756,25.516588,103.289734,TBH,-0.1,-0.2,0.0,-0.15,0.0,1.0
1582.3986,500.0,603.2126,583.275,24.264505,103.212585,TBH,-0.1,-0.2,0.0,-0.15,0.0,1.0
1582.4786,500.0,592.9996,583.275,23.113756,92.99957,TBH,-0.1,-0.2,0.0,-0.15,0.0,1.0
1582.5586,500.0,579.04456,416.62503,21.986977,79.044556,TBH,-0.1,-0.2,0.0,-0.15,0.0,1.0
1582.5586,500.0,579.04456,416.62503,21.986977,79.044556,TBH,-0.1,-0.2,0.0,-0.15,0.0,1.0
1582.6385,500.0,574.4443,583.275,21.112766,74.444275,TBH,-0.1,-0.2,0.0,-0.15,0.0,1.0
1582.7186,500.0,570.3752,583.275,20.252901,70.37518,TBH,-0.1,-0.2,0.0,-0.15,0.0,1.0
1582.7986,500.0,563.9133,541.61255,19.453432,63.91333,TBH,-0.1,-0.2,0.0,-0.15,0.0,1.0
1582.8785,500.0,552.46954,499.95,18.769451,52.469543,TBH,-0.1,-0.2,0.0,-0.15,0.0,1.0
1582.9586,500.0,541.21136,499.95,18.21548,41.211365,TBH,-0.1,-0.2,0.0,-0.15,0.0,1.0
1582.9586,500.0,541.21136,499.95,18.21548,41.211365,TBH,-0.1,-0.2,0.0,-0.15,0.0,1.0
1583.0386,500.0,527.0385,499.95,17.832813,27.038513,TBH,-0.1,-0.2,0.0,-0.15,0.0,1.0
1583.1187,500.0,517.0261,499.95,17.56248,17.026123,TBH,-0.1,-0.2,0.0,-0.15,0.0,1.0
1583.1187,500.0,517.0261,499.95,17.56248,17.026123,TBH,-0.1,-0.2,0.0,-0.15,0.0,1.0
1583.1986,500.0,504.38208,499.95,17.471088,4.38208,TBH,-0.1,-0.2,0.0,-0.15,0.0,1.0
1583.2786,500.0,485.13223,458.2875,25.467651,-14.867767,TBH,-0.1,-0.2,0.0,-0.15,0.0,1.0
1583.3586,500.0,495.08133,499.95,25.611277,-4.918671,TBH,-0.1,-0.2,0.0,-0.15,0.0,1.0
1583.3586,500.0,495.08133,499.95,25.611277,-4.918671,TBH,-0.1,-0.2,0.0,-0.15,0.0,1.0
1583.4386,500.0,475.23914,416.62503,25.825537,-24.760864,TBH,-0.1,-0.2,0.0,-0.15,0.0,1.0
1583.5186,500.0,465.67404,458.2875,26.192278,-34.32596,TBH,-0.1,-0.2,0.0,-0.15,0.0,1.0
1583.5186,500.0,465.67404,458.2875,26.192278,-34.32596,TBH,-0.1,-0.2,0.0,-0.15,0.0,1.0
1583.5986,500.0,459.77338,458.2875,26.657959,-40.226624,TBH,-0.1,-0.2,0.0,-0.15,0.0,1.0
1583.6786,500.0,452.0682,416.58337,27.20007,-47.931793,TBH,-0.1,-0.2,0.0,-0.15,0.0,1.0
1583.7585,500.0,454.22482,458.2875,27.758148,-45.775177,TBH,-0.1,-0.2,0.0,-0.15,0.0,1.0
1583.7585,500.0,454.22482,458.2875,27.758148,-45.775177,TBH,-0.1,-0.2,0.0,-0.15,0.0,1.0
1583.8386,500.0,452.59985,458.2875,28.339273,-47.400146,TBH,-0.1,-0.2,0.0,-0.15,0.0,1.0
1583.8386,500.0,452.59985,458.2875,28.339273,-47.400146,TBH,-0.1,-0.2,0.0,-0.15,0.0,1.0
1583.9186,500.0,450.7787,416.62503,28.915104,-49.221313,TBH,-0.1,-0.2,0.0,-0.15,0.0,1.0
1583.9985,500.0,454.16724,499.95,29.506592,-45.832764,TBH,-0.1,-0.2,0.0,-0.15,0.0,1.0
1583.9985,500.0,454.16724,499.95,29.506592,-45.832764,TBH,-0.1,-0.2,0.0,-0.15,0.0,1.0
1584.0786,500.0,455.93622,458.2875,30.054352,-44.06378,TBH,-0.1,-0.2,0.0,-0.15,0.0,1.0
1584.1586,500.0,460.926,499.95,30.564075,-39.074005,TBH,-0.1,-0.2,0.0,-0.15,0.0,1.0
1584.1586,500.0,460.926,499.95,30.564075,-39.074005,TBH,-0.1,-0.2,0.0,-0.15,0.0,1.0
1584.2386,500.0,464.20062,499.95,31.027487,-35.799377,TBH,-0.1,-0.2,0.0,-0.15,0.0,1.0
1584.2386,500.0,464.20062,499.95,31.027487,-35.799377,TBH,-0.1,-0.2,0.0,-0.15,0.0,1.0
1584.3186,500.0,465.9316,458.2875,31.44922,-34.06839,TBH,-0.1,-0.2,0.0,-0.15,0.0,1.0
1584.3986,500.0,474.2714,499.95,31.799397,-25.728607,TBH,-0.1,-0.2,0.0,-0.15,0.0,1.0
1584.3986,500.0,474.2714,499.95,31.799397,-25.728607,TBH,-0.1,-0.2,0.0,-0.15,0.0,1.0
1584.4786,500.0,479.74313,499.95,32.072136,-20.256866,TBH,-0.1,-0.2,0.0,-0.15,0.0,1.0
1584.5586,500.0,482.95816,499.95,32.28394,-17.04184,TBH,-0.1,-0.2,0.0,-0.15,0.0,1.0
1584.6385,500.0,488.8186,499.95,32.442173,-11.181396,TBH,-0.1,-0.2,0.0,-0.15,0.0,1.0
1584.6385,500.0,488.8186,499.95,32.442173,-11.181396,TBH,-0.1,-0.2,0.0,-0.15,0.0,1.0
1584.7186,500.0,495.70047,499.95,32.502983,-4.29953,TBH,-0.1,-0.2,0.0,-0.15,0.0,1.0
1584.7986,500.0,500.9277,499.95,28.947334,0.927704,TBH,-0.1,-0.2,0.0,-0.15,0.0,1.0
1584.8785,500.0,507.3572,499.95,28.885826,7.357208,TBH,-0.1,-0.2,0.0,-0.15,0.0,1.0
1584.9586,500.0,515.7423,541.61255,28.73722,15.74231,TBH,-0.1,-0.2,0.0,-0.15,0.0,1.0
1585.0386,500.0,513.36597,499.95,28.548061,13.365967,TBH,-0.1,-0.2,0.0,-0.15,0.0,1.0
1585.1187,500.0,515.18054,499.95,28.347054,15.180542,TBH,-0.1,-0.2,0.0,-0.15,0.0,1.0
1585.1986,500.0,518.29193,583.275,28.181057,18.291931,TBH,-0.1,-0.2,0.0,-0.15,0.0,1.0
1585.2786,500.0,526.32904,541.61255,27.89806,26.32904,TBH,-0.1,-0.2,0.0,-0.15,0.0,1.0
1585.2786,500.0,526.32904,541.61255,27.89806,26.32904,TBH,-0.1,-0.2,0.0,-0.15,0.0,1.0
1585.3586,500.0,524.81476,541.61255,27.607174,24.814758,TBH,-0.1,-0.2,0.0,-0.15,0.0,1.0
1585.3586,500.0,524.81476,541.61255,27.607174,24.814758,TBH,-0.1,-0.2,0.0,-0.15,0.0,1.0
1585.4386,500.0,523.40576,499.95,27.319128,23.405762,TBH,-0.1,-0.2,0.0,-0.15,0.0,1.0
1585.4386,500.0,523.40576,499.95,27.319128,23.405762,TBH,-0.1,-0.2,0.0,-0.15,0.0,1.0
1585.5186,500.0,522.48016,499.95,27.044134,22.480164,TBH,-0.1,-0.2,0.0,-0.15,0.0,1.0
1585.5986,500.0,520.8229,499.95,26.749388,20.822876,TBH,-0.1,-0.2,0.0,-0.15,0.0,1.0
1585.5986,500.0,520.8229,499.95,26.749388,20.822876,TBH,-0.1,-0.2,0.0,-0.15,0.0,1.0
1585.6786,500.0,516.6136,458.24167,26.51089,16.613586,TBH,-0.1,-0.2,0.0,-0.15,0.0,1.0
1585.7585,500.0,500.74023,499.95,27.693687,0.740234,TBH,-0.1,-0.2,0.0,-0.15,0.0,1.0
1585.8386,500.0,522.31476,541.61255,27.534573,22.314758,TBH,-0.1,-0.2,0.0,-0.15,0.0,1.0
1585.9186,500.0,528.6309,541.61255,27.20511,28.63092,TBH,-0.1,-0.2,0.0,-0.15,0.0,1.0
1585.9186,500.0,528.6309,541.61255,27.20511,28.63092,TBH,-0.1,-0.2,0.0,-0.15,0.0,1.0
1585.9985,500.0,518.7834,499.95,26.939226,18.783386,TBH,-0.1,-0.2,0.0,-0.15,0.0,1.0
1586.0786,500.0,513.9058,583.275,26.807528,13.905823,TBH,-0.1,-0.2,0.0,-0.15,0.0,1.0
1586.1586,500.0,515.19714,499.95,26.592398,15.197144,TBH,-0.1,-0.2,0.0,-0.15,0.0,1.0
1586.2386,500.0,503.1414,458.2875,26.5169,3.141388,TBH,-0.1,-0.2,0.0,-0.15,0.0,1.0
1586.3186,500.0,487.31396,416.62503,27.172878,-12.686035,TBH,-0.1,-0.2,0.0,-0.15,0.0,1.0
1586.3986,500.0,507.5086,583.275,27.161175,7.508606,TBH,-0.1,-0.2,0.0,-0.15,0.0,1.0
1586.4786,500.0,508.66736,499.875,27.067686,8.667358,TBH,-0.1,-0.2,0.0,-0.15,0.0,1.0
1586.4786,500.0,508.66736,499.875,27.067686,8.667358,TBH,-0.1,-0.2,0.0,-0.15,0.0,1.0
1586.5586,500.0,502.6534,499.95,27.03008,2.653412,TBH,-0.1,-0.2,0.0,-0.15,0.0,1.0
1586.6385,500.0,493.40735,416.62503,27.095806,-6.592651,TBH,-0.1,-0.2,0.0,-0.15,0.0,1.0
1586.6385,500.0,493.40735,416.62503,27.095806,-6.592651,TBH,-0.1,-0.2,0.0,-0.15,0.0,1.0
1586.7186,500.0,499.04868,499.95,27.109463,-0.951324,TBH,-0.1,-0.2,0.0,-0.15,0.0,1.0
1586.7986,500.0,495.6245,499.95,27.132301,-4.375488,TBH,-0.1,-0.2,0.0,-0.15,0.0,1.0
1586.7986,500.0,495.6245,499.95,27.132301,-4.375488,TBH,-0.1,-0.2,0.0,-0.15,0.0,1.0
1586.8785,500.0,497.1279,499.95,27.172892,-2.872101,TBH,-0.1,-0.2,0.0,-0.15,0.0,1.0
1586.9586,500.0,484.57693,499.95,27.334011,-15.423065,TBH,-0.1,-0.2,0.0,-0.15,0.0,1.0
1586.9586,500.0,484.57693,499.95,27.334011,-15.423065,TBH,-0.1,-0.2,0.0,-0.15,0.0,1.0
1587.0386,500.0,500.0432,499.95,27.247822,0.043213,TBH,-0.1,-0.2,0.0,-0.15,0.0,1.0
1587.1187,500.0,500.027,499.95,27.247385,0.027008,TBH,-0.1,-0.2,0.0,-0.15,0.0,1.0
1587.1187,500.0,500.027,499.95,27.247385,0.027008,TBH,-0.1,-0.2,0.0,-0.15,0.0,1.0
1587.1986,500.0,496.2664,499.95,27.265001,-3.733612,TBH,-0.1,-0.2,0.0,-0.15,0.0,1.0
1587.2786,500.0,498.75742,583.275,27.332258,-1.242584,TBH,-0.1,-0.2,0.0,-0.15,0.0,1.0
1587.3586,500.0,499.18338,499.95,27.300005,-0.81662,TBH,-0.1,-0.2,0.0,-0.15,0.0,1.0
1587.4386,500.0,493.05124,499.95,27.37587,-6.948761,TBH,-0.1,-0.2,0.0,-0.15,0.0,1.0
1587.4386,500.0,493.05124,499.95,27.37587,-6.948761,TBH,-0.1,-0.2,0.0,-0.15,0.0,1.0
1587.5186,500.0,484.14795,458.2875,27.510485,-15.852051,TBH,-0.1,-0.2,0.0,-0.15,0.0,1.0
1587.5986,500.0,479.81073,499.95,27.768377,-20.18927,TBH,-0.1,-0.2,0.0,-0.15,0.0,1.0
1587.5986,500.0,479.81073,499.95,27.768377,-20.18927,TBH,-0.1,-0.2,0.0,-0.15,0.0,1.0
1587.6786,500.0,499.98907,541.5584,27.559734,-0.010925,TBH,-0.1,-0.2,0.0,-0.15,0.0,1.0
1587.7585,500.0,493.24518,499.95,27.615,-6.754822,TBH,-0.1,-0.2,0.0,-0.15,0.0,1.0
1587.8386,500.0,491.40128,458.2875,27.690214,-8.598724,TBH,-0.1,-0.2,0.0,-0.15,0.0,1.0
1587.8386,500.0,491.40128,458.2875,27.690214,-8.598724,TBH,-0.1,-0.2,0.0,-0.15,0.0,1.0
1587.9186,500.0,495.4862,541.61255,27.800505,-4.513794,TBH,-0.1,-0.2,0.0,-0.15,0.0,1.0
1587.9985,500.0,493.66217,499.95,27.876257,-6.33783,TBH,-0.1,-0.2,0.0,-0.15,0.0,1.0
1587.9985,500.0,493.66217,499.95,27.876257,-6.33783,TBH,-0.1,-0.2,0.0,-0.15,0.0,1.0
1588.0786,500.0,489.42798,499.95,28.01193,-10.572021,TBH,-0.1,-0.2,0.0,-0.15,0.0,1.0
1588.1586,500.0,477.97913,416.62503,28.20281,-22.020874,TBH,-0.1,-0.2,0.0,-0.15,0.0,1.0
1588.1586,500.0,477.97913,416.62503,28.20281,-22.020874,TBH,-0.1,-0.2,0.0,-0.15,0.0,1.0
1588.2386,500.0,492.302,499.95,28.339521,-7.697998,TBH,-0.1,-0.2,0.0,-0.15,0.0,1.0
1588.3186,500.0,494.948,499.95,28.410961,-5.052002,TBH,-0.1,-0.2,0.0,-0.15,0.0,1.0
1588.3986,500.0,489.55908,499.95,28.515461,-10.440918,TBH,-0.1,-0.2,0.0,-0.15,0.0,1.0
1588.4786,500.0,493.14838,499.95,28.612371,-6.851624,TBH,-0.1,-0.2,0.0,-0.15,0.0,1.0
1588.5586,500.0,495.5033,499.95,28.675953,-4.496704,TBH,-0.1,-0.2,0.0,-0.15,0.0,1.0
1588.6385,500.0,497.0495,499.95,28.7177,-2.9505,TBH,-0.1,-0.2,0.0,-0.15,0.0,1.0
1588.7186,500.0,493.8966,458.2875,28.757572,-6.103394,TBH,-0.1,-0.2,0.0,-0.15,0.0,1.0
1588.7986,500.0,493.4527,583.275,28.87058,-6.547302,TBH,-0.1,-0.2,0.0,-0.15,0.0,1.0
1588.8785,500.0,499.07794,499.95,28.234848,-0.922058,TBH,-0.1,-0.2,0.0,-0.15,0.0,1.0
1588.9586,500.0,499.3937,499.95,28.243374,-0.606293,TBH,-0.1,-0.2,0.0,-0.15,0.0,1.0
1589.0386,500.0,499.6022,499.95,28.249002,-0.397797,TBH,-0.1,-0.2,0.0,-0.15,0.0,1.0
1589.0386,500.0,499.6022,499.95,28.249002,-0.397797,TBH,-0.1,-0.2,0.0,-0.15,0.0,1.0
1589.1187,500.0,496.7002,499.95,28.28179,-3.299805,TBH,-0.1,-0.2,0.0,-0.15,0.0,1.0
1589.1986,500.0,497.83365,499.95,28.312393,-2.166351,TBH,-0.1,-0.2,0.0,-0.15,0.0,1.0
1589.1986,500.0,497.83365,499.95,28.312393,-2.166351,TBH,-0.1,-0.2,0.0,-0.15,0.0,1.0
1589.2786,500.0,490.6607,458.2875,28.368723,-9.339294,TBH,-0.1,-0.2,0.0,-0.15,0.0,1.0
1589.2786,500.0,490.6607,458.2875,28.368723,-9.339294,TBH,-0.1,-0.2,0.0,-0.15,0.0,1.0
1589.3586,500.0,489.7045,458.2875,28.467903,-10.295502,TBH,-0.1,-0.2,0.0,-0.15,0.0,1.0
1589.4386,500.0,498.3823,499.95,28.5772,-1.617706,TBH,-0.1,-0.2,0.0,-0.15,0.0,1.0
1589.4386,500.0,498.3823,499.95,28.5772,-1.617706,TBH,-0.1,-0.2,0.0,-0.15,0.0,1.0
1589.5186,500.0,498.9373,499.95,28.592186,-1.062714,TBH,-0.1,-0.2,0.0,-0.15,0.0,1.0
1589.5986,500.0,499.30142,499.95,28.428848,-0.698578,TBH,-0.1,-0.2,0.0,-0.15,0.0,1.0
1589.5986,500.0,499.30142,499.95,28.428848,-0.698578,TBH,-0.1,-0.2,0.0,-0.15,0.0,1.0
1589.6786,500.0,499.9521,541.5584,28.434216,-0.047913,TBH,-0.1,-0.2,0.0,-0.15,0.0,1.0
1589.7585,500.0,500.30832,499.95,28.437963,0.308319,TBH,-0.1,-0.2,0.0,-0.15,0.0,1.0
1589.7585,500.0,500.30832,499.95,28.437963,0.308319,TBH,-0.1,-0.2,0.0,-0.15,0.0,1.0
1589.8386,500.0,500.20206,499.95,28.435095,0.202057,TBH,-0.1,-0.2,0.0,-0.15,0.0,1.0
1589.8386,500.0,500.20206,499.95,28.435095,0.202057,TBH,-0.1,-0.2,0.0,-0.15,0.0,1.0
1589.9186,500.0,500.13123,499.95,28.433182,0.131226,TBH,-0.1,-0.2,0.0,-0.15,0.0,1.0
1589.9985,500.0,497.4941,541.53125,28.478428,-2.50589,TBH,-0.1,-0.2,0.0,-0.15,0.0,1.0
1589.9985,500.0,497.4941,541.53125,28.478428,-2.50589,TBH,-0.1,-0.2,0.0,-0.15,0.0,1.0
1590.0786,500.0,501.39743,499.95,28.44662,1.39743,TBH,-0.1,-0.2,0.0,-0.15,0.0,1.0
1590.1586,500.0,509.2488,583.275,28.408606,9.24881,TBH,-0.1,-0.2,0.0,-0.15,0.0,1.0
1590.1586,500.0,509.2488,583.275,28.408606,9.24881,TBH,-0.1,-0.2,0.0,-0.15,0.0,1.0
1590.2386,500.0,506.06793,499.95,28.322721,6.067932,TBH,-0.1,-0.2,0.0,-0.15,0.0,1.0
1590.3186,500.0,508.1465,541.61255,28.25384,8.146515,TBH,-0.1,-0.2,0.0,-0.15,0.0,1.0
1590.3186,500.0,508.1465,541.61255,28.25384,8.146515,TBH,-0.1,-0.2,0.0,-0.15,0.0,1.0
1590.3986,500.0,508.71854,499.95,28.144283,8.718536,TBH,-0.1,-0.2,0.0,-0.15,0.0,1.0
1590.4786,500.0,506.09387,499.95,28.073416,6.093872,TBH,-0.1,-0.2,0.0,-0.15,0.0,1.0
1590.5586,500.0,496.45523,458.2875,28.261929,-3.544769,TBH,-0.1,-0.2,0.0,-0.15,0.0,1.0
1590.5586,500.0,496.45523,458.2875,28.261929,-3.544769,TBH,-0.1,-0.2,0.0,-0.15,0.0,1.0
1590.6385,500.0,506.26562,541.61255,28.259964,6.265625,TBH,-0.1,-0.2,0.0,-0.15,0.0,1.0
1590.7186,500.0,510.18494,499.95,28.115788,10.184937,TBH,-0.1,-0.2,0.0,-0.15,0.0,1.0
1590.7986,500.0,510.43097,499.95,27.99743,10.430969,TBH,-0.1,-0.2,0.0,-0.15,0.0,1.0
1590.8785,500.0,507.25912,541.61255,27.91179,7.259125,TBH,-0.1,-0.2,0.0,-0.15,0.0,1.0
1590.9586,500.0,507.79883,499.95,27.801363,7.798828,TBH,-0.1,-0.2,0.0,-0.15,0.0,1.0
1591.0386,500.0,504.7792,499.95,27.719837,4.779205,TBH,-0.1,-0.2,0.0,-0.15,0.0,1.0
1591.0386,500.0,504.7792,499.95,27.719837,4.779205,TBH,-0.1,-0.2,0.0,-0.15,0.0,1.0
1591.1187,500.0,498.59262,458.2875,27.978281,-1.407379,TBH,-0.1,-0.2,0.0,-0.15,0.0,1.0
1591.1986,500.0,489.28787,499.95,28.102049,-10.712128,TBH,-0.1,-0.2,0.0,-0.15,0.0,1.0
1591.1986,500.0,489.28787,499.95,28.102049,-10.712128,TBH,-0.1,-0.2,0.0,-0.15,0.0,1.0
1591.2786,500.0,513.29517,499.95,27.947153,13.295166,TBH,-0.1,-0.2,0.0,-0.15,0.0,1.0
1591.3586,500.0,508.72162,499.95,27.823666,8.721619,TBH,-0.1,-0.2,0.0,-0.15,0.0,1.0
1591.4386,500.0,505.72202,499.95,27.742676,5.722015,TBH,-0.1,-0.2,0.0,-0.15,0.0,1.0
1591.4386,500.0,505.72202,499.95,27.742676,5.722015,TBH,-0.1,-0.2,0.0,-0.15,0.0,1.0
1591.5186,500.0,507.50284,499.95,27.665758,7.502838,TBH,-0.1,-0.2,0.0,-0.15,0.0,1.0
1591.5186,500.0,507.50284,499.95,27.665758,7.502838,TBH,-0.1,-0.2,0.0,-0.15,0.0,1.0
1591.5986,500.0,500.7546,458.2875,27.819967,0.754608,TBH,-0.1,-0.2,0.0,-0.15,0.0,1.0
1591.6786,500.0,499.69702,458.24167,27.805767,-0.302979,TBH,-0.1,-0.2,0.0,-0.15,0.0,1.0
1591.7585,500.0,483.97025,416.62503,27.86743,-16.029755,TBH,-0.1,-0.2,0.0,-0.15,0.0,1.0
1591.8386,500.0,503.73267,499.95,27.854576,3.732666,TBH,-0.1,-0.2,0.0,-0.15,0.0,1.0
1591.8386,500.0,503.73267,499.95,27.854576,3.732666,TBH,-0.1,-0.2,0.0,-0.15,0.0,1.0
1591.9186,500.0,502.44766,499.95,27.819881,2.447662,TBH,-0.1,-0.2,0.0,-0.15,0.0,1.0
1591.9985,500.0,501.60455,499.95,27.79712,1.604553,TBH,-0.1,-0.2,0.0,-0.15,0.0,1.0
1591.9985,500.0,501.60455,499.95,27.79712,1.604553,TBH,-0.1,-0.2,0.0,-0.15,0.0,1.0
1592.0786,500.0,491.2265,499.95,27.915913,-8.773499,TBH,-0.1,-0.2,0.0,-0.15,0.0,1.0
1592.1586,500.0,497.27982,499.95,27.954353,-2.720184,TBH,-0.1,-0.2,0.0,-0.15,0.0,1.0
1592.1586,500.0,497.27982,499.95,27.954353,-2.720184,TBH,-0.1,-0.2,0.0,-0.15,0.0,1.0
1592.2386,500.0,491.09006,499.95,28.03723,-8.909943,TBH,-0.1,-0.2,0.0,-0.15,0.0,1.0
1592.3186,500.0,486.6112,458.2875,28.166302,-13.388794,TBH,-0.1,-0.2,0.0,-0.15,0.0,1.0
1592.3986,500.0,489.4227,583.275,28.367207,-10.577301,TBH,-0.1,-0.2,0.0,-0.15,0.0,1.0
1592.4786,500.0,489.22974,458.2875,28.486996,-10.770264,TBH,-0.1,-0.2,0.0,-0.15,0.0,1.0
1592.5586,500.0,489.1823,499.95,28.610716,-10.817688,TBH,-0.1,-0.2,0.0,-0.15,0.0,1.0
1592.5586,500.0,489.1823,499.95,28.610716,-10.817688,TBH,-0.1,-0.2,0.0,-0.15,0.0,1.0
1592.6385,500.0,489.86456,499.95,28.754137,-10.135437,TBH,-0.1,-0.2,0.0,-0.15,0.0,1.0
1592.7186,500.0,490.31177,499.95,28.89121,-9.688232,TBH,-0.1,-0.2,0.0,-0.15,0.0,1.0
1592.7986,500.0,489.89224,499.95,29.004883,-10.107758,TBH,-0.1,-0.2,0.0,-0.15,0.0,1.0
1592.8785,500.0,493.36697,499.95,29.0987,-6.633026,TBH,-0.1,-0.2,0.0,-0.15,0.0,1.0
1592.9586,500.0,487.7301,458.2875,29.196507,-12.269897,TBH,-0.1,-0.2,0.0,-0.15,0.0,1.0
1592.9586,500.0,487.7301,458.2875,29.196507,-12.269897,TBH,-0.1,-0.2,0.0,-0.15,0.0,1.0
1593.0386,500.0,491.9495,499.95,29.31043,-8.050507,TBH,-0.1,-0.2,0.0,-0.15,0.0,1.0
1593.1187,500.0,494.7167,499.95,29.385147,-5.283295,TBH,-0.1,-0.2,0.0,-0.15,0.0,1.0
1593.1187,500.0,494.7167,499.95,29.385147,-5.283295,TBH,-0.1,-0.2,0.0,-0.15,0.0,1.0
1593.1986,500.0,500.69894,541.61255,28.631721,0.698944,TBH,-0.1,-0.2,0.0,-0.15,0.0,1.0
1593.2786,500.0,499.66553,458.2875,28.617771,-0.334473,TBH,-0.1,-0.2,0.0,-0.15,0.0,1.0
1593.3586,500.0,503.1542,499.95,28.592371,3.154205,TBH,-0.1,-0.2,0.0,-0.15,0.0,1.0
1593.4386,500.0,501.69434,499.95,28.55295,1.694336,TBH,-0.1,-0.2,0.0,-0.15,0.0,1.0
1593.4386,500.0,501.69434,499.95,28.55295,1.694336,TBH,-0.1,-0.2,0.0,-0.15,0.0,1.0
1593.5186,500.0,500.69363,458.2875,28.569149,0.693634,TBH,-0.1,-0.2,0.0,-0.15,0.0,1.0
1593.5986,500.0,489.99557,541.61255,28.65084,-10.004425,TBH,-0.1,-0.2,0.0,-0.15,0.0,1.0
1593.6786,500.0,510.71692,499.90002,28.54558,10.716919,TBH,-0.1,-0.2,0.0,-0.15,0.0,1.0
1593.6786,500.0,510.71692,499.90002,28.54558,10.716919,TBH,-0.1,-0.2,0.0,-0.15,0.0,1.0
1593.7585,500.0,507.03372,499.95,28.445984,7.033722,TBH,-0.1,-0.2,0.0,-0.15,0.0,1.0
1593.8386,500.0,504.6146,499.95,28.380667,4.614594,TBH,-0.1,-0.2,0.0,-0.15,0.0,1.0
1593.9186,500.0,507.19296,541.61255,28.32528,7.192963,TBH,-0.1,-0.2,0.0,-0.15,0.0,1.0
1593.9985,500.0,507.75543,499.95,28.21547,7.755432,TBH,-0.1,-0.2,0.0,-0.15,0.0,1.0
1593.9985,500.0,507.75543,499.95,28.21547,7.755432,TBH,-0.1,-0.2,0.0,-0.15,0.0,1.0
1594.0786,500.0,505.087,499.95,28.143421,5.087006,TBH,-0.1,-0.2,0.0,-0.15,0.0,1.0
1594.1586,500.0,495.41962,458.2875,28.372948,-4.580383,TBH,-0.1,-0.2,0.0,-0.15,0.0,1.0
1594.2386,500.0,508.2863,541.61255,28.346712,8.286285,TBH,-0.1,-0.2,0.0,-0.15,0.0,1.0
1594.3186,500.0,508.47278,499.95,28.226748,8.472778,TBH,-0.1,-0.2,0.0,-0.15,0.0,1.0
1594.3986,500.0,505.55765,499.95,28.148037,5.557648,TBH,-0.1,-0.2,0.0,-0.15,0.0,1.0
1594.4786,500.0,503.64502,499.95,28.096395,3.64502,TBH,-0.1,-0.2,0.0,-0.15,0.0,1.0
1594.4786,500.0,503.64502,499.95,28.096395,3.64502,TBH,-0.1,-0.2,0.0,-0.15,0.0,1.0
1594.5586,500.0,508.80258,499.95,27.98565,8.802582,TBH,-0.1,-0.2,0.0,-0.15,0.0,1.0
1594.6385,500.0,505.77515,499.95,27.903908,5.775146,TBH,-0.1,-0.2,0.0,-0.15,0.0,1.0
1594.7186,500.0,503.4132,499.95,27.840134,3.413208,TBH,-0.1,-0.2,0.0,-0.15,0.0,1.0
1594.7986,500.0,504.95068,624.93756,28.126606,4.950684,TBH,-0.1,-0.2,0.0,-0.15,0.0,1.0
1594.8785,500.0,509.65924,499.95,28.003738,9.659241,TBH,-0.1,-0.2,0.0,-0.15,0.0,1.0
1594.9586,500.0,505.91937,458.2875,27.902763,5.919373,TBH,-0.1,-0.2,0.0,-0.15,0.0,1.0
1594.9586,500.0,505.91937,458.2875,27.902763,5.919373,TBH,-0.1,-0.2,0.0,-0.15,0.0,1.0
1595.0386,500.0,503.5461,499.95,27.838692,3.546112,TBH,-0.1,-0.2,0.0,-0.15,0.0,1.0
1595.1187,500.0,507.20444,541.61255,27.958727,7.204437,TBH,-0.1,-0.2,0.0,-0.15,0.0,1.0
1595.1986,500.0,503.59625,458.2875,27.86131,3.596252,TBH,-0.1,-0.2,0.0,-0.15,0.0,1.0
1595.2786,500.0,490.98737,416.62503,27.938107,-9.012634,TBH,-0.1,-0.2,0.0,-0.15,0.0,1.0
1595.3586,500.0,479.00223,416.62503,28.114508,-20.997772,TBH,-0.1,-0.2,0.0,-0.15,0.0,1.0
1595.4386,500.0,505.43143,583.275,28.0706,5.431427,TBH,-0.1,-0.2,0.0,-0.15,0.0,1.0
1595.4386,500.0,505.43143,583.275,28.0706,5.431427,TBH,-0.1,-0.2,0.0,-0.15,0.0,1.0
1595.5186,500.0,499.8123,499.95,28.057522,-0.187714,TBH,-0.1,-0.2,0.0,-0.15,0.0,1.0
1595.5986,500.0,499.8755,499.95,28.059229,-0.124512,TBH,-0.1,-0.2,0.0,-0.15,0.0,1.0
1595.6786,500.0,493.1246,499.90002,28.119556,-6.875397,TBH,-0.1,-0.2,0.0,-0.15,0.0,1.0
1595.7585,500.0,495.4913,499.95,28.183306,-4.508698,TBH,-0.1,-0.2,0.0,-0.15,0.0,1.0
1595.7585,500.0,495.4913,499.95,28.183306,-4.508698,TBH,-0.1,-0.2,0.0,-0.15,0.0,1.0
1595.8386,500.0,497.04163,499.95,28.225164,-2.958374,TBH,-0.1,-0.2,0.0,-0.15,0.0,1.0
1595.9186,500.0,498.05768,499.95,28.252598,-1.942322,TBH,-0.1,-0.2,0.0,-0.15,0.0,1.0
1595.9186,500.0,498.05768,499.95,28.252598,-1.942322,TBH,-0.1,-0.2,0.0,-0.15,0.0,1.0
1595.9985,500.0,492.7286,541.61255,28.358707,-7.271393,TBH,-0.1,-0.2,0.0,-0.15,0.0,1.0
1596.0786,500.0,498.26535,499.95,28.383202,-1.73465,TBH,-0.1,-0.2,0.0,-0.15,0.0,1.0
1596.1586,500.0,498.86053,499.95,28.399271,-1.139465,TBH,-0.1,-0.2,0.0,-0.15,0.0,1.0
1596.2386,500.0,499.66885,541.61255,28.242798,-0.331146,TBH,-0.1,-0.2,0.0,-0.15,0.0,1.0
1596.2386,500.0,499.66885,541.61255,28.242798,-0.331146,TBH,-0.1,-0.2,0.0,-0.15,0.0,1.0
1596.3186,500.0,496.74393,499.95,28.282135,-3.256073,TBH,-0.1,-0.2,0.0,-0.15,0.0,1.0
1596.3986,500.0,497.86234,499.95,28.312332,-2.137665,TBH,-0.1,-0.2,0.0,-0.15,0.0,1.0
1596.4786,500.0,494.80447,458.2875,28.35477,-5.195526,TBH,-0.1,-0.2,0.0,-0.15,0.0,1.0
1596.5586,500.0,492.87738,499.95,28.361162,-7.12262,TBH,-0.1,-0.2,0.0,-0.15,0.0,1.0
1596.6385,500.0,496.79318,541.61255,28.46688,-3.206818,TBH,-0.1,-0.2,0.0,-0.15,0.0,1.0
1596.7186,500.0,497.8951,499.95,28.496634,-2.104889,TBH,-0.1,-0.2,0.0,-0.15,0.0,1.0
1596.7186,500.0,497.8951,499.95,28.496634,-2.104889,TBH,-0.1,-0.2,0.0,-0.15,0.0,1.0
1596.7986,500.0,498.61765,499.95,28.51614,-1.382355,TBH,-0.1,-0.2,0.0,-0.15,0.0,1.0
1596.8785,500.0,494.925,458.2875,28.541441,-5.075012,TBH,-0.1,-0.2,0.0,-0.15,0.0,1.0
1596.8785,500.0,494.925,458.2875,28.541441,-5.075012,TBH,-0.1,-0.2,0.0,-0.15,0.0,1.0
1596.9586,500.0,493.29398,499.95,28.622404,-6.706024,TBH,-0.1,-0.2,0.0,-0.15,0.0,1.0
1597.0386,500.0,480.8539,416.62503,28.786524,-19.146088,TBH,-0.1,-0.2,0.0,-0.15,0.0,1.0
1597.0386,500.0,480.8539,416.62503,28.786524,-19.146088,TBH,-0.1,-0.2,0.0,-0.15,0.0,1.0
1597.1187,500.0,479.8953,458.2875,29.01064,-20.104706,TBH,-0.1,-0.2,0.0,-0.15,0.0,1.0
1597.1986,500.0,471.7247,416.62503,29.290035,-28.2753,TBH,-0.1,-0.2,0.0,-0.15,0.0,1.0
1597.2786,500.0,481.44724,499.95,29.552544,-18.552765,TBH,-0.1,-0.2,0.0,-0.15,0.0,1.0
1597.3586,500.0,481.03873,499.95,29.791513,-18.961273,TBH,-0.1,-0.2,0.0,-0.15,0.0,1.0
1597.4386,500.0,481.14655,499.95,30.044426,-18.853455,TBH,-0.1,-0.2,0.0,-0.15,0.0,1.0
1597.5186,500.0,480.08728,458.2875,30.265825,-19.91272,TBH,-0.1,-0.2,0.0,-0.15,0.0,1.0
1597.5186,500.0,480.08728,458.2875,30.265825,-19.91272,TBH,-0.1,-0.2,0.0,-0.15,0.0,1.0
1597.5986,500.0,486.9339,499.95,30.450684,-13.066101,TBH,-0.1,-0.2,0.0,-0.15,0.0,1.0
1597.6786,500.0,487.67117,499.90002,30.59574,-12.328827,TBH,-0.1,-0.2,0.0,-0.15,0.0,1.0
1597.7585,500.0,491.5383,499.95,30.7,-8.4617,TBH,-0.1,-0.2,0.0,-0.15,0.0,1.0
1597.8386,500.0,495.2397,541.61255,30.79994,-4.760315,TBH,-0.1,-0.2,0.0,-0.15,0.0,1.0
1597.9186,500.0,500.2881,499.95,29.563225,0.288086,TBH,-0.1,-0.2,0.0,-0.15,0.0,1.0
1597.9186,500.0,500.2881,499.95,29.563225,0.288086,TBH,-0.1,-0.2,0.0,-0.15,0.0,1.0
1597.9985,500.0,500.18768,499.95,29.560513,0.187683,TBH,-0.1,-0.2,0.0,-0.15,0.0,1.0
1598.0786,500.0,500.1218,499.95,29.558731,0.121796,TBH,-0.1,-0.2,0.0,-0.15,0.0,1.0
1598.0786,500.0,500.1218,499.95,29.558731,0.121796,TBH,-0.1,-0.2,0.0,-0.15,0.0,1.0
1598.1586,500.0,504.2452,541.61255,29.554577,4.245209,TBH,-0.1,-0.2,0.0,-0.15,0.0,1.0
1598.2386,500.0,501.99344,458.2875,29.493776,1.993439,TBH,-0.1,-0.2,0.0,-0.15,0.0,1.0
1598.3186,500.0,505.09824,541.61255,29.452602,5.098236,TBH,-0.1,-0.2,0.0,-0.15,0.0,1.0
1598.3986,500.0,486.67694,333.30002,29.504906,-13.323059,TBH,-0.1,-0.2,0.0,-0.15,0.0,1.0
1598.3986,500.0,486.67694,333.30002,29.504906,-13.323059,TBH,-0.1,-0.2,0.0,-0.15,0.0,1.0
1598.4786,500.0,504.0822,499.95,29.476944,4.082214,TBH,-0.1,-0.2,0.0,-0.15,0.0,1.0
1598.4786,500.0,504.0822,499.95,29.476944,4.082214,TBH,-0.1,-0.2,0.0,-0.15,0.0,1.0
1598.5586,500.0,506.05197,499.95,29.405127,6.051971,TBH,-0.1,-0.2,0.0,-0.15,0.0,1.0
1598.6385,500.0,507.00815,499.95,29.305944,7.008148,TBH,-0.1,-0.2,0.0,-0.15,0.0,1.0
1598.6385,500.0,507.00815,499.95,29.305944,7.008148,TBH,-0.1,-0.2,0.0,-0.15,0.0,1.0
1598.7186,500.0,507.6346,499.95,29.197863,7.634613,TBH,-0.1,-0.2,0.0,-0.15,0.0,1.0
1598.7986,500.0,500.46606,458.2875,29.316065,0.466064,TBH,-0.1,-0.2,0.0,-0.15,0.0,1.0
1598.7986,500.0,500.46606,458.2875,29.316065,0.466064,TBH,-0.1,-0.2,0.0,-0.15,0.0,1.0
1598.8785,500.0,473.5546,374.9625,29.453167,-26.445404,TBH,-0.1,-0.2,0.0,-0.15,0.0,1.0
1598.9586,500.0,446.44128,374.90628,29.971336,-53.558716,TBH,-0.1,-0.2,0.0,-0.15,0.0,1.0
1598.9586,500.0,446.44128,374.90628,29.971336,-53.558716,TBH,-0.1,-0.2,0.0,-0.15,0.0,1.0
1599.0386,500.0,418.08542,333.30002,30.830505,-81.91458,TBH,-0.1,-0.2,0.0,-0.15,0.0,1.0
1599.1187,500.0,402.85062,333.30002,31.919167,-97.14938,TBH,-0.1,-0.2,0.0,-0.15,0.0,1.0
1599.1986,500.0,400.47595,416.62503,33.10505,-99.52405,TBH,-0.1,-0.2,0.0,-0.15,0.0,1.0
1599.2786,500.0,399.2554,416.62503,34.322094,-100.7446,TBH,-0.1,-0.2,0.0,-0.15,0.0,1.0
1599.3586,500.0,405.24203,416.62503,35.48373,-94.757965,TBH,-0.1,-0.2,0.0,-0.15,0.0,1.0
1599.4386,500.0,408.75406,374.9625,36.57856,-91.24594,TBH,-0.1,-0.2,0.0,-0.15,0.0,1.0
1599.5186,500.0,425.04968,416.68753,37.518536,-74.95032,TBH,-0.1,-0.2,0.0,-0.15,0.0,1.0
1599.5186,500.0,425.04968,416.68753,37.518536,-74.95032,TBH,-0.1,-0.2,0.0,-0.15,0.0,1.0
1599.5986,500.0,436.4947,458.2875,38.327553,-63.50531,TBH,-0.1,-0.2,0.0,-0.15,0.0,1.0
1599.6786,500.0,450.78668,458.24167,38.96359,-49.213318,TBH,-0.1,-0.2,0.0,-0.15,0.0,1.0
1599.7585,500.0,459.79645,458.2875,39.45671,-40.203552,TBH,-0.1,-0.2,0.0,-0.15,0.0,1.0
1599.8386,500.0,480.0355,499.95,39.75316,-19.964508,TBH,-0.1,-0.2,0.0,-0.15,0.0,1.0
1599.9186,500.0,494.81656,541.61255,39.902245,-5.183441,TBH,-0.1,-0.2,0.0,-0.15,0.0,1.0
1599.9985,500.0,511.26434,541.61255,34.55811,11.264343,TBH,-0.1,-0.2,0.0,-0.15,0.0,1.0
1600.0786,500.0,525.4682,541.61255,34.316616,25.4682,TBH,-0.1,-0.2,0.0,-0.15,0.0,1.0
1600.0786,500.0,525.4682,541.61255,34.316616,25.4682,TBH,-0.1,-0.2,0.0,-0.15,0.0,1.0
1600.1586,500.0,537.82477,541.61255,33.900246,37.824768,TBH,-0.1,-0.2,0.0,-0.15,0.0,1.0
1600.2386,500.0,550.4377,583.275,33.36579,50.437683,TBH,-0.1,-0.2,0.0,-0.15,0.0,1.0
1600.3186,500.0,554.9615,583.275,32.737934,54.961487,TBH,-0.1,-0.2,0.0,-0.15,0.0,1.0
1600.3986,500.0,564.717,583.275,32.001328,64.71698,TBH,-0.1,-0.2,0.0,-0.15,0.0,1.0
1600.4786,500.0,571.4926,583.275,31.184267,71.492615,TBH,-0.1,-0.2,0.0,-0.15,0.0,1.0
1600.5586,500.0,571.7714,541.61255,30.316795,71.77142,TBH,-0.1,-0.2,0.0,-0.15,0.0,1.0
1600.5586,500.0,571.7714,541.61255,30.316795,71.77142,TBH,-0.1,-0.2,0.0,-0.15,0.0,1.0
1600.6385,500.0,579.1226,583.275,29.390274,79.12262,TBH,-0.1,-0.2,0.0,-0.15,0.0,1.0
1600.7186,500.0,581.3613,624.93756,28.450718,81.36133,TBH,-0.1,-0.2,0.0,-0.15,0.0,1.0
1600.7186,500.0,581.3613,624.93756,28.450718,81.36133,TBH,-0.1,-0.2,0.0,-0.15,0.0,1.0
1600.7986,500.0,563.1961,499.875,27.585487,63.196106,TBH,-0.1,-0.2,0.0,-0.15,0.0,1.0
1600.8785,500.0,564.0509,583.275,26.85834,64.0509,TBH,-0.1,-0.2,0.0,-0.15,0.0,1.0
1600.9586,500.0,578.6347,624.93756,26.0021,78.634705,TBH,-0.1,-0.2,0.0,-0.15,0.0,1.0
1601.0386,500.0,575.78815,583.275,25.050236,75.78815,TBH,-0.1,-0.2,0.0,-0.15,0.0,1.0
1601.0386,500.0,575.78815,583.275,25.050236,75.78815,TBH,-0.1,-0.2,0.0,-0.15,0.0,1.0
1601.1187,500.0,557.6399,541.61255,24.31023,57.639893,TBH,-0.1,-0.2,0.0,-0.15,0.0,1.0
1601.1986,500.0,562.67,416.62503,23.446053,62.669983,TBH,-0.1,-0.2,0.0,-0.15,0.0,1.0
1601.2786,500.0,549.70807,541.61255,22.846077,49.70807,TBH,-0.1,-0.2,0.0,-0.15,0.0,1.0
1601.2786,500.0,549.70807,541.61255,22.846077,49.70807,TBH,-0.1,-0.2,0.0,-0.15,0.0,1.0
1601.3586,500.0,539.737,499.95,22.32686,39.737,TBH,-0.1,-0.2,0.0,-0.15,0.0,1.0
1601.4386,500.0,532.9013,541.61255,21.892292,32.901306,TBH,-0.1,-0.2,0.0,-0.15,0.0,1.0
1601.5186,500.0,521.5852,499.95,21.586758,21.585205,TBH,-0.1,-0.2,0.0,-0.15,0.0,1.0
1601.5986,500.0,506.24408,458.2875,21.422548,6.24408,TBH,-0.1,-0.2,0.0,-0.15,0.0,1.0
1601.6786,500.0,500.34042,499.90002,28.00143,0.340424,TBH,-0.1,-0.2,0.0,-0.15,0.0,1.0
1601.7585,500.0,517.13794,499.95,27.837051,17.13794,TBH,-0.1,-0.2,0.0,-0.15,0.0,1.0
1601.8386,500.0,500.6648,458.2875,27.881248,0.664795,TBH,-0.1,-0.2,0.0,-0.15,0.0,1.0
1601.9186,500.0,489.4807,458.2875,27.948933,-10.519287,TBH,-0.1,-0.2,0.0,-0.15,0.0,1.0
1601.9985,500.0,481.02628,541.61255,28.220657,-18.973724,TBH,-0.1,-0.2,0.0,-0.15,0.0,1.0
1601.9985,500.0,481.02628,541.61255,28.220657,-18.973724,TBH,-0.1,-0.2,0.0,-0.15,0.0,1.0
1602.0786,500.0,486.8375,499.95,28.377563,-13.162506,TBH,-0.1,-0.2,0.0,-0.15,0.0,1.0
1602.1586,500.0,484.9503,499.95,28.576609,-15.049713,TBH,-0.1,-0.2,0.0,-0.15,0.0,1.0
1602.2386,500.0,483.71292,499.95,28.793201,-16.287079,TBH,-0.1,-0.2,0.0,-0.15,0.0,1.0
1602.3186,500.0,479.4878,499.95,29.054121,-20.512207,TBH,-0.1,-0.2,0.0,-0.15,0.0,1.0
1602.3986,500.0,482.79062,499.95,29.268297,-17.209381,TBH,-0.1,-0.2,0.0,-0.15,0.0,1.0
1602.4786,500.0,482.29517,499.95,29.504917,-17.704834,TBH,-0.1,-0.2,0.0,-0.15,0.0,1.0
1602.5586,500.0,480.84088,458.2875,29.715652,-19.159119,TBH,-0.1,-0.2,0.0,-0.15,0.0,1.0
1602.6385,500.0,481.39166,499.95,29.98053,-18.608337,TBH,-0.1,-0.2,0.0,-0.15,0.0,1.0
1602.7186,500.0,487.7902,499.95,30.15329,-12.209808,TBH,-0.1,-0.2,0.0,-0.15,0.0,1.0
1602.7986,500.0,488.94302,499.875,30.309637,-11.056976,TBH,-0.1,-0.2,0.0,-0.15,0.0,1.0
1602.8785,500.0,489.71204,499.95,30.455173,-10.287964,TBH,-0.1,-0.2,0.0,-0.15,0.0,1.0
1602.8785,500.0,489.71204,499.95,30.455173,-10.287964,TBH,-0.1,-0.2,0.0,-0.15,0.0,1.0
1602.9586,500.0,493.2487,499.95,30.550663,-6.751312,TBH,-0.1,-0.2,0.0,-0.15,0.0,1.0
1603.0386,500.0,494.4417,458.2875,30.582874,-5.558289,TBH,-0.1,-0.2,0.0,-0.15,0.0,1.0
1603.1187,500.0,503.4768,499.95,29.226492,3.476807,TBH,-0.1,-0.2,0.0,-0.15,0.0,1.0
1603.1986,500.0,495.11316,458.2875,29.243797,-4.886841,TBH,-0.1,-0.2,0.0,-0.15,0.0,1.0
1603.1986,500.0,495.11316,458.2875,29.243797,-4.886841,TBH,-0.1,-0.2,0.0,-0.15,0.0,1.0
1603.2786,500.0,503.91733,499.95,29.231777,3.917328,TBH,-0.1,-0.2,0.0,-0.15,0.0,1.0
1603.3586,500.0,509.69373,499.95,29.137741,9.693726,TBH,-0.1,-0.2,0.0,-0.15,0.0,1.0
1603.4386,500.0,510.5265,541.61255,29.035225,10.526489,TBH,-0.1,-0.2,0.0,-0.15,0.0,1.0
1603.5186,500.0,510.65506,499.95,28.913694,10.65506,TBH,-0.1,-0.2,0.0,-0.15,0.0,1.0
1603.5986,500.0,514.1144,499.95,28.757093,14.11438,TBH,-0.1,-0.2,0.0,-0.15,0.0,1.0
1603.6786,500.0,509.25397,499.90002,28.626015,9.253967,TBH,-0.1,-0.2,0.0,-0.15,0.0,1.0
1603.7585,500.0,508.77386,499.95,28.487907,8.773865,TBH,-0.1,-0.2,0.0,-0.15,0.0,1.0
1603.8386,500.0,510.63547,541.61255,28.41317,10.635468,TBH,-0.1,-0.2,0.0,-0.15,0.0,1.0
1603.9186,500.0,517.55566,541.61255,28.225016,17.555664,TBH,-0.1,-0.2,0.0,-0.15,0.0,1.0
1603.9985,500.0,511.51694,499.95,28.06197,11.516937,TBH,-0.1,-0.2,0.0,-0.15,0.0,1.0
1604.0786,500.0,510.9299,499.95,27.921118,10.929901,TBH,-0.1,-0.2,0.0,-0.15,0.0,1.0
1604.1586,500.0,511.67392,541.61255,27.816202,11.67392,TBH,-0.1,-0.2,0.0,-0.15,0.0,1.0
1604.2386,500.0,503.53418,499.95,27.721418,3.53418,TBH,-0.1,-0.2,0.0,-0.15,0.0,1.0
1604.3186,500.0,494.7758,458.2875,28.498827,-5.224213,TBH,-0.1,-0.2,0.0,-0.15,0.0,1.0
1604.3986,500.0,494.4045,583.275,28.6138,-5.59549,TBH,-0.1,-0.2,0.0,-0.15,0.0,1.0
1604.4786,500.0,506.11484,499.95,28.49794,6.114838,TBH,-0.1,-0.2,0.0,-0.15,0.0,1.0
1604.5586,500.0,504.0106,499.95,28.441124,4.01059,TBH,-0.1,-0.2,0.0,-0.15,0.0,1.0
1604.6385,500.0,502.6311,499.95,28.403877,2.631104,TBH,-0.1,-0.2,0.0,-0.15,0.0,1.0
1604.6385,500.0,502.6311,499.95,28.403877,2.631104,TBH,-0.1,-0.2,0.0,-0.15,0.0,1.0
1604.7186,500.0,501.72537,499.95,28.379421,1.725372,TBH,-0.1,-0.2,0.0,-0.15,0.0,1.0
1604.7986,500.0,501.13068,499.95,28.363363,1.130676,TBH,-0.1,-0.2,0.0,-0.15,0.0,1.0
1604.8785,500.0,500.74048,499.95,28.442402,0.740479,TBH,-0.1,-0.2,0.0,-0.15,0.0,1.0
1604.9586,500.0,492.15115,416.62503,28.4538,-7.848846,TBH,-0.1,-0.2,0.0,-0.15,0.0,1.0
1604.9586,500.0,492.15115,416.62503,28.4538,-7.848846,TBH,-0.1,-0.2,0.0,-0.15,0.0,1.0
1605.0386,500.0,502.35007,499.95,28.462961,2.350067,TBH,-0.1,-0.2,0.0,-0.15,0.0,1.0
1605.1187,500.0,501.54053,499.95,28.441105,1.540527,TBH,-0.1,-0.2,0.0,-0.15,0.0,1.0
1605.1986,500.0,501.0094,499.95,28.426764,1.009399,TBH,-0.1,-0.2,0.0,-0.15,0.0,1.0
1605.1986,500.0,501.0094,499.95,28.426764,1.009399,TBH,-0.1,-0.2,0.0,-0.15,0.0,1.0
1605.2786,500.0,500.66092,499.95,28.440348,0.660919,TBH,-0.1,-0.2,0.0,-0.15,0.0,1.0
1605.3586,500.0,507.21973,499.95,28.377922,7.219727,TBH,-0.1,-0.2,0.0,-0.15,0.0,1.0
1605.4386,500.0,504.73663,499.95,28.310877,4.736633,TBH,-0.1,-0.2,0.0,-0.15,0.0,1.0
1605.5186,500.0,495.18976,458.2875,28.369823,-4.810242,TBH,-0.1,-0.2,0.0,-0.15,0.0,1.0
1605.5986,500.0,489.3434,499.95,28.461967,-10.656586,TBH,-0.1,-0.2,0.0,-0.15,0.0,1.0
1605.6786,500.0,503.5017,499.90002,28.414354,3.501709,TBH,-0.1,-0.2,0.0,-0.15,0.0,1.0
1605.7585,500.0,505.33725,499.95,28.338766,5.33725,TBH,-0.1,-0.2,0.0,-0.15,0.0,1.0
1605.8386,500.0,503.50156,499.95,28.2892,3.501556,TBH,-0.1,-0.2,0.0,-0.15,0.0,1.0
1605.8386,500.0,503.50156,499.95,28.2892,3.501556,TBH,-0.1,-0.2,0.0,-0.15,0.0,1.0
1605.9186,500.0,502.63354,499.95,28.336964,2.633545,TBH,-0.1,-0.2,0.0,-0.15,0.0,1.0
1605.9985,500.0,501.7265,499.95,28.312473,1.726501,TBH,-0.1,-0.2,0.0,-0.15,0.0,1.0
1606.0786,500.0,501.1314,499.95,28.296404,1.131409,TBH,-0.1,-0.2,0.0,-0.15,0.0,1.0
1606.0786,500.0,501.1314,499.95,28.296404,1.131409,TBH,-0.1,-0.2,0.0,-0.15,0.0,1.0
1606.1586,500.0,493.24106,499.95,28.353653,-6.758942,TBH,-0.1,-0.2,0.0,-0.15,0.0,1.0
1606.2386,500.0,504.65265,624.93756,28.372564,4.652649,TBH,-0.1,-0.2,0.0,-0.15,0.0,1.0
1606.3186,500.0,506.0887,499.95,28.286339,6.088715,TBH,-0.1,-0.2,0.0,-0.15,0.0,1.0
1606.3986,500.0,500.24347,499.95,28.312677,0.243469,TBH,-0.1,-0.2,0.0,-0.15,0.0,1.0
1606.3986,500.0,500.24347,499.95,28.312677,0.243469,TBH,-0.1,-0.2,0.0,-0.15,0.0,1.0
1606.4786,500.0,478.6252,416.62503,28.467186,-21.374786,TBH,-0.1,-0.2,0.0,-0.15,0.0,1.0
1606.5586,500.0,461.48322,458.2875,28.87935,-38.516785,TBH,-0.1,-0.2,0.0,-0.15,0.0,1.0
1606.6385,500.0,449.44543,416.62503,29.429329,-50.554565,TBH,-0.1,-0.2,0.0,-0.15,0.0,1.0
1606.6385,500.0,449.44543,416.62503,29.429329,-50.554565,TBH,-0.1,-0.2,0.0,-0.15,0.0,1.0
1606.7186,500.0,445.29703,416.62503,30.067324,-54.702972,TBH,-0.1,-0.2,0.0,-0.15,0.0,1.0
1606.7986,500.0,441.86237,416.62503,30.72459,-58.137634,TBH,-0.1,-0.2,0.0,-0.15,0.0,1.0
1606.8785,500.0,440.32138,416.62503,31.432983,-59.67862,TBH,-0.1,-0.2,0.0,-0.15,0.0,1.0
1606.9586,500.0,446.5937,499.95,32.102337,-53.40631,TBH,-0.1,-0.2,0.0,-0.15,0.0,1.0
1607.0386,500.0,447.21817,458.2875,32.744186,-52.78183,TBH,-0.1,-0.2,0.0,-0.15,0.0,1.0
1607.1187,500.0,455.20612,499.95,33.33486,-44.793884,TBH,-0.1,-0.2,0.0,-0.15,0.0,1.0
1607.1187,500.0,455.20612,499.95,33.33486,-44.793884,TBH,-0.1,-0.2,0.0,-0.15,0.0,1.0
1607.1986,500.0,456.69705,499.95,33.875114,-43.302948,TBH,-0.1,-0.2,0.0,-0.15,0.0,1.0
1607.2786,500.0,464.04596,458.2875,34.323536,-35.95404,TBH,-0.1,-0.2,0.0,-0.15,0.0,1.0
1607.2786,500.0,464.04596,458.2875,34.323536,-35.95404,TBH,-0.1,-0.2,0.0,-0.15,0.0,1.0
1607.3586,500.0,469.28427,499.95,34.714973,-30.715729,TBH,-0.1,-0.2,0.0,-0.15,0.0,1.0
1607.4386,500.0,479.84717,499.95,35.000168,-20.152832,TBH,-0.1,-0.2,0.0,-0.15,0.0,1.0
1607.4386,500.0,479.84717,499.95,35.000168,-20.152832,TBH,-0.1,-0.2,0.0,-0.15,0.0,1.0
1607.5186,500.0,483.73892,499.95,35.230244,-16.261078,TBH,-0.1,-0.2,0.0,-0.15,0.0,1.0
1607.5186,500.0,483.73892,499.95,35.230244,-16.261078,TBH,-0.1,-0.2,0.0,-0.15,0.0,1.0
1607.5986,500.0,493.07974,499.95,35.357445,-6.920258,TBH,-0.1,-0.2,0.0,-0.15,0.0,1.0
1607.6786,500.0,503.36993,541.5584,31.855314,3.369934,TBH,-0.1,-0.2,0.0,-0.15,0.0,1.0
1607.6786,500.0,503.36993,541.5584,31.855314,3.369934,TBH,-0.1,-0.2,0.0,-0.15,0.0,1.0
1607.7585,500.0,509.33826,499.95,31.76631,9.338257,TBH,-0.1,-0.2,0.0,-0.15,0.0,1.0
1607.8386,500.0,520.7933,541.61255,31.575592,20.793274,TBH,-0.1,-0.2,0.0,-0.15,0.0,1.0
1607.8386,500.0,520.7933,541.61255,31.575592,20.793274,TBH,-0.1,-0.2,0.0,-0.15,0.0,1.0
1607.9186,500.0,524.55774,541.61255,31.302229,24.55774,TBH,-0.1,-0.2,0.0,-0.15,0.0,1.0
1607.9985,500.0,530.065,541.61255,30.950926,30.065002,TBH,-0.1,-0.2,0.0,-0.15,0.0,1.0
1608.0786,500.0,534.8451,583.275,30.579987,34.845093,TBH,-0.1,-0.2,0.0,-0.15,0.0,1.0
1608.1586,500.0,540.98126,583.275,30.120663,40.981262,TBH,-0.1,-0.2,0.0,-0.15,0.0,1.0
1608.1586,500.0,540.98126,583.275,30.120663,40.981262,TBH,-0.1,-0.2,0.0,-0.15,0.0,1.0
1608.2386,500.0,541.5543,541.61255,29.63613,41.55432,TBH,-0.1,-0.2,0.0,-0.15,0.0,1.0
1608.3186,500.0,541.5915,541.61255,29.137133,41.59149,TBH,-0.1,-0.2,0.0,-0.15,0.0,1.0
1608.3986,500.0,548.82,583.275,28.582302,48.820007,TBH,-0.1,-0.2,0.0,-0.15,0.0,1.0
1608.3986,500.0,548.82,583.275,28.582302,48.820007,TBH,-0.1,-0.2,0.0,-0.15,0.0,1.0
1608.4786,500.0,538.4419,499.95,28.052094,38.441895,TBH,-0.1,-0.2,0.0,-0.15,0.0,1.0
1608.5586,500.0,530.9203,499.95,27.599016,30.920288,TBH,-0.1,-0.2,0.0,-0.15,0.0,1.0
1608.6385,500.0,528.2032,541.61255,27.275656,28.203186,TBH,-0.1,-0.2,0.0,-0.15,0.0,1.0
1608.6385,500.0,528.2032,541.61255,27.275656,28.203186,TBH,-0.1,-0.2,0.0,-0.15,0.0,1.0
1608.7186,500.0,547.16144,583.275,26.787527,47.161438,TBH,-0.1,-0.2,0.0,-0.15,0.0,1.0
1608.7186,500.0,547.16144,583.275,26.787527,47.161438,TBH,-0.1,-0.2,0.0,-0.15,0.0,1.0
1608.7986,500.0,543.7661,499.95,26.195856,43.766113,TBH,-0.1,-0.2,0.0,-0.15,0.0,1.0
1608.8785,500.0,530.2468,458.2875,25.70584,30.246826,TBH,-0.1,-0.2,0.0,-0.15,0.0,1.0
1608.9586,500.0,540.9601,541.61255,25.245096,40.960083,TBH,-0.1,-0.2,0.0,-0.15,0.0,1.0
1608.9586,500.0,540.9601,541.61255,25.245096,40.960083,TBH,-0.1,-0.2,0.0,-0.15,0.0,1.0
1609.0386,500.0,522.4115,499.95,24.869276,22.411499,TBH,-0.1,-0.2,0.0,-0.15,0.0,1.0
1609.1187,500.0,506.4487,458.2875,24.688282,6.4487,TBH,-0.1,-0.2,0.0,-0.15,0.0,1.0
1609.1986,500.0,512.1463,541.61255,24.592115,12.146301,TBH,-0.1,-0.2,0.0,-0.15,0.0,1.0
1609.2786,500.0,520.0137,583.275,24.42953,20.013672,TBH,-0.1,-0.2,0.0,-0.15,0.0,1.0
1609.3586,500.0,519.91705,499.95,24.176922,19.917053,TBH,-0.1,-0.2,0.0,-0.15,0.0,1.0
1609.4386,500.0,501.81744,499.95,24.063225,1.817444,TBH,-0.1,-0.2,0.0,-0.15,0.0,1.0
1609.5186,500.0,506.07025,541.61255,27.945074,6.070251,TBH,-0.1,-0.2,0.0,-0.15,0.0,1.0
1609.5186,500.0,506.07025,541.61255,27.945074,6.070251,TBH,-0.1,-0.2,0.0,-0.15,0.0,1.0
1609.5986,500.0,500.23138,499.95,27.937508,0.231384,TBH,-0.1,-0.2,0.0,-0.15,0.0,1.0
1609.6786,500.0,493.02063,499.90002,27.98767,-6.97937,TBH,-0.1,-0.2,0.0,-0.15,0.0,1.0
1609.6786,500.0,493.02063,499.90002,27.98767,-6.97937,TBH,-0.1,-0.2,0.0,-0.15,0.0,1.0
1609.7585,500.0,481.43152,458.2875,28.174612,-18.568481,TBH,-0.1,-0.2,0.0,-0.15,0.0,1.0
1609.8386,500.0,491.90433,499.95,28.332376,-8.095673,TBH,-0.1,-0.2,0.0,-0.15,0.0,1.0
1609.9186,500.0,491.3121,499.95,28.441387,-8.687897,TBH,-0.1,-0.2,0.0,-0.15,0.0,1.0
1609.9985,500.0,487.1736,499.95,28.579645,-12.826385,TBH,-0.1,-0.2,0.0,-0.15,0.0,1.0
1610.0786,500.0,488.20828,499.95,28.732582,-11.791718,TBH,-0.1,-0.2,0.0,-0.15,0.0,1.0
1610.1586,500.0,485.05798,458.2875,28.897524,-14.942017,TBH,-0.1,-0.2,0.0,-0.15,0.0,1.0
1610.2386,500.0,482.65457,458.2875,29.082638,-17.345428,TBH,-0.1,-0.2,0.0,-0.15,0.0,1.0
1610.3186,500.0,481.07672,458.2875,29.290037,-18.923279,TBH,-0.1,-0.2,0.0,-0.15,0.0,1.0
1610.3986,500.0,472.87906,458.2875,29.568699,-27.120941,TBH,-0.1,-0.2,0.0,-0.15,0.0,1.0
1610.4786,500.0,484.90457,499.95,29.76839,-15.095428,TBH,-0.1,-0.2,0.0,-0.15,0.0,1.0
1610.5586,500.0,482.59464,499.95,29.956022,-17.405365,TBH,-0.1,-0.2,0.0,-0.15,0.0,1.0
1610.5586,500.0,482.59464,499.95,29.956022,-17.405365,TBH,-0.1,-0.2,0.0,-0.15,0.0,1.0
1610.6385,500.0,484.4137,458.31042,30.130138,-15.586304,TBH,-0.1,-0.2,0.0,-0.15,0.0,1.0
1610.6385,500.0,484.4137,458.31042,30.130138,-15.586304,TBH,-0.1,-0.2,0.0,-0.15,0.0,1.0
1610.7186,500.0,485.60626,458.2875,30.28734,-14.393738,TBH,-0.1,-0.2,0.0,-0.15,0.0,1.0
1610.7986,500.0,489.76324,458.2875,30.39958,-10.236755,TBH,-0.1,-0.2,0.0,-0.15,0.0,1.0
1610.8785,500.0,492.94482,499.95,30.485483,-7.055176,TBH,-0.1,-0.2,0.0,-0.15,0.0,1.0
1610.8785,500.0,492.94482,499.95,30.485483,-7.055176,TBH,-0.1,-0.2,0.0,-0.15,0.0,1.0
1610.9586,500.0,498.4072,499.95,30.507969,-1.592804,TBH,-0.1,-0.2,0.0,-0.15,0.0,1.0
1611.0386,500.0,503.4963,541.61255,29.23194,3.496307,TBH,-0.1,-0.2,0.0,-0.15,0.0,1.0
1611.1187,500.0,502.29257,499.95,29.199438,2.292572,TBH,-0.1,-0.2,0.0,-0.15,0.0,1.0
1611.1986,500.0,509.00272,499.95,29.130613,9.002716,TBH,-0.1,-0.2,0.0,-0.15,0.0,1.0
1611.2786,500.0,509.65527,499.95,29.023232,9.655273,TBH,-0.1,-0.2,0.0,-0.15,0.0,1.0
1611.3586,500.0,509.70847,499.95,28.899666,9.708466,TBH,-0.1,-0.2,0.0,-0.15,0.0,1.0
1611.4386,500.0,512.7822,499.95,28.732655,12.782227,TBH,-0.1,-0.2,0.0,-0.15,0.0,1.0
1611.5186,500.0,512.47253,499.95,28.59929,12.472534,TBH,-0.1,-0.2,0.0,-0.15,0.0,1.0
1611.5986,500.0,497.64453,499.95,28.90647,-2.355469,TBH,-0.1,-0.2,0.0,-0.15,0.0,1.0
1611.6786,500.0,515.81464,541.5584,28.778006,15.814636,TBH,-0.1,-0.2,0.0,-0.15,0.0,1.0
1611.6786,500.0,515.81464,541.5584,28.778006,15.814636,TBH,-0.1,-0.2,0.0,-0.15,0.0,1.0
1611.7585,500.0,513.41583,499.95,28.58809,13.415833,TBH,-0.1,-0.2,0.0,-0.15,0.0,1.0
1611.8386,500.0,516.0063,541.61255,28.408033,16.006287,TBH,-0.1,-0.2,0.0,-0.15,0.0,1.0
1611.9186,500.0,510.50037,499.95,28.259373,10.500366,TBH,-0.1,-0.2,0.0,-0.15,0.0,1.0
1611.9985,500.0,512.9628,499.95,28.075865,12.96283,TBH,-0.1,-0.2,0.0,-0.15,0.0,1.0
1612.0786,500.0,512.6702,541.61255,27.942963,12.670227,TBH,-0.1,-0.2,0.0,-0.15,0.0,1.0
1612.1586,500.0,497.02002,458.2875,28.394508,-2.97998,TBH,-0.1,-0.2,0.0,-0.15,0.0,1.0
1612.1586,500.0,497.02002,458.2875,28.394508,-2.97998,TBH,-0.1,-0.2,0.0,-0.15,0.0,1.0
1612.2386,500.0,511.25687,624.93756,28.399204,11.256866,TBH,-0.1,-0.2,0.0,-0.15,0.0,1.0
1612.3186,500.0,517.17163,499.95,28.183907,17.17163,TBH,-0.1,-0.2,0.0,-0.15,0.0,1.0
1612.3986,500.0,515.01495,499.95,28.000673,15.014954,TBH,-0.1,-0.2,0.0,-0.15,0.0,1.0
1612.4786,500.0,509.84995,499.95,27.861217,9.849945,TBH,-0.1,-0.2,0.0,-0.15,0.0,1.0
1612.5586,500.0,513.66534,541.61255,27.714231,13.665344,TBH,-0.1,-0.2,0.0,-0.15,0.0,1.0
1612.6385,500.0,513.50714,541.61255,27.584965,13.507141,TBH,-0.1,-0.2,0.0,-0.15,0.0,1.0
1612.6385,500.0,513.50714,541.61255,27.584965,13.507141,TBH,-0.1,-0.2,0.0,-0.15,0.0,1.0
1612.7186,500.0,500.9445,458.2875,27.947489,0.944489,TBH,-0.1,-0.2,0.0,-0.15,0.0,1.0
1612.7986,500.0,495.41434,583.275,28.043201,-4.585663,TBH,-0.1,-0.2,0.0,-0.15,0.0,1.0
1612.8785,500.0,511.73575,583.275,27.944881,11.735748,TBH,-0.1,-0.2,0.0,-0.15,0.0,1.0
1612.9586,500.0,511.07343,499.95,27.802,11.073425,TBH,-0.1,-0.2,0.0,-0.15,0.0,1.0
1612.9586,500.0,511.07343,499.95,27.802,11.073425,TBH,-0.1,-0.2,0.0,-0.15,0.0,1.0
1613.0386,500.0,503.51575,499.95,27.722937,3.515747,TBH,-0.1,-0.2,0.0,-0.15,0.0,1.0
1613.1187,500.0,502.68036,499.95,27.841896,2.680359,TBH,-0.1,-0.2,0.0,-0.15,0.0,1.0
1613.1986,500.0,497.59058,458.2875,27.839705,-2.409424,TBH,-0.1,-0.2,0.0,-0.15,0.0,1.0
1613.2786,500.0,491.21368,458.2875,27.917528,-8.786316,TBH,-0.1,-0.2,0.0,-0.15,0.0,1.0
1613.3586,500.0,471.23407,374.9625,28.12808,-28.76593,TBH,-0.1,-0.2,0.0,-0.15,0.0,1.0
1613.4386,500.0,495.794,541.61255,28.291191,-4.205994,TBH,-0.1,-0.2,0.0,-0.15,0.0,1.0
1613.5186,500.0,493.15164,499.95,28.113958,-6.848358,TBH,-0.1,-0.2,0.0,-0.15,0.0,1.0
1613.5986,500.0,491.7555,499.95,28.201263,-8.244507,TBH,-0.1,-0.2,0.0,-0.15,0.0,1.0
1613.6786,500.0,491.2096,499.90002,28.311672,-8.790405,TBH,-0.1,-0.2,0.0,-0.15,0.0,1.0
1613.7585,500.0,491.1974,499.95,28.43619,-8.802612,TBH,-0.1,-0.2,0.0,-0.15,0.0,1.0
1613.7585,500.0,491.1974,499.95,28.43619,-8.802612,TBH,-0.1,-0.2,0.0,-0.15,0.0,1.0
1613.8386,500.0,491.18668,499.95,28.560902,-8.813324,TBH,-0.1,-0.2,0.0,-0.15,0.0,1.0
1613.9186,500.0,490.84128,499.95,28.676575,-9.158722,TBH,-0.1,-0.2,0.0,-0.15,0.0,1.0
1613.9186,500.0,490.84128,499.95,28.676575,-9.158722,TBH,-0.1,-0.2,0.0,-0.15,0.0,1.0
1613.9985,500.0,483.82724,499.95,28.862194,-16.17276,TBH,-0.1,-0.2,0.0,-0.15,0.0,1.0
1614.0786,500.0,495.46265,499.95,28.926352,-4.537354,TBH,-0.1,-0.2,0.0,-0.15,0.0,1.0
1614.1586,500.0,494.06345,541.61255,29.01357,-5.936554,TBH,-0.1,-0.2,0.0,-0.15,0.0,1.0
1614.2386,500.0,493.0671,499.95,29.11167,-6.932892,TBH,-0.1,-0.2,0.0,-0.15,0.0,1.0
1614.3186,500.0,495.44998,499.95,29.176006,-4.550018,TBH,-0.1,-0.2,0.0,-0.15,0.0,1.0
1614.3986,500.0,497.01337,499.95,29.218218,-2.986633,TBH,-0.1,-0.2,0.0,-0.15,0.0,1.0
1614.4786,500.0,498.03912,499.95,29.245914,-1.960876,TBH,-0.1,-0.2,0.0,-0.15,0.0,1.0
1614.5586,500.0,499.12885,541.61255,28.672966,-0.871155,TBH,-0.1,-0.2,0.0,-0.15,0.0,1.0
1614.5586,500.0,499.12885,541.61255,28.672966,-0.871155,TBH,-0.1,-0.2,0.0,-0.15,0.0,1.0
1614.6385,500.0,500.853,499.95,28.694963,0.852997,TBH,-0.1,-0.2,0.0,-0.15,0.0,1.0
1614.7186,500.0,500.55875,499.95,28.68702,0.558746,TBH,-0.1,-0.2,0.0,-0.15,0.0,1.0
1614.7186,500.0,500.55875,499.95,28.68702,0.558746,TBH,-0.1,-0.2,0.0,-0.15,0.0,1.0
1614.7986,500.0,500.36523,499.95,28.681793,0.365234,TBH,-0.1,-0.2,0.0,-0.15,0.0,1.0
1614.8785,500.0,500.23828,499.95,28.678366,0.238281,TBH,-0.1,-0.2,0.0,-0.15,0.0,1.0
1614.9586,500.0,503.90494,499.95,28.669085,3.904938,TBH,-0.1,-0.2,0.0,-0.15,0.0,1.0
1614.9586,500.0,503.90494,499.95,28.669085,3.904938,TBH,-0.1,-0.2,0.0,-0.15,0.0,1.0
1615.0386,500.0,501.43283,458.2875,28.602339,1.432831,TBH,-0.1,-0.2,0.0,-0.15,0.0,1.0
1615.1187,500.0,504.6887,499.95,28.565247,4.68869,TBH,-0.1,-0.2,0.0,-0.15,0.0,1.0
1615.1187,500.0,504.6887,499.95,28.565247,4.68869,TBH,-0.1,-0.2,0.0,-0.15,0.0,1.0
1615.1986,500.0,489.50006,499.95,28.706764,-10.499939,TBH,-0.1,-0.2,0.0,-0.15,0.0,1.0
1615.2786,500.0,507.022,499.95,28.643986,7.022003,TBH,-0.1,-0.2,0.0,-0.15,0.0,1.0
1615.3586,500.0,508.77246,541.61255,28.566248,8.772461,TBH,-0.1,-0.2,0.0,-0.15,0.0,1.0
1615.4386,500.0,506.093,499.95,28.493898,6.092987,TBH,-0.1,-0.2,0.0,-0.15,0.0,1.0
1615.5186,500.0,500.9588,499.95,28.572664,0.958801,TBH,-0.1,-0.2,0.0,-0.15,0.0,1.0
1615.5986,500.0,485.54446,416.62503,28.646454,-14.455536,TBH,-0.1,-0.2,0.0,-0.15,0.0,1.0
1615.6786,500.0,461.4766,416.58337,28.996773,-38.523407,TBH,-0.1,-0.2,0.0,-0.15,0.0,1.0
1615.7585,500.0,434.4021,374.9625,29.640612,-65.5979,TBH,-0.1,-0.2,0.0,-0.15,0.0,1.0
1615.8386,500.0,394.7651,291.6375,30.695414,-105.23489,TBH,-0.1,-0.2,0.0,-0.15,0.0,1.0
1615.8386,500.0,394.7651,291.6375,30.695414,-105.23489,TBH,-0.1,-0.2,0.0,-0.15,0.0,1.0
1615.9186,500.0,347.6005,208.31252,32.29697,-152.3995,TBH,-0.1,-0.2,0.0,-0.15,0.0,1.0
1615.9985,500.0,295.91428,166.65001,34.526443,-204.08572,TBH,-0.1,-0.2,0.0,-0.15,0.0,1.0
1616.0786,500.0,251.46556,166.65001,37.32633,-248.53444,TBH,-0.1,-0.2,0.0,-0.15,0.0,1.0
1616.1586,500.0,229.4277,166.65001,40.481308,-270.5723,TBH,-0.1,-0.2,0.0,-0.15,0.0,1.0
1616.2386,500.0,232.33574,208.31252,43.684826,-267.66425,TBH,-0.1,-0.2,0.0,-0.15,0.0,1.0
1616.3186,500.0,245.95143,291.6375,46.80245,-254.04857,TBH,-0.1,-0.2,0.0,-0.15,0.0,1.0
1616.3986,500.0,272.96368,333.30002,49.656773,-227.03632,TBH,-0.1,-0.2,0.0,-0.15,0.0,1.0
1616.4786,500.0,301.64053,374.9625,52.181046,-198.35947,TBH,-0.1,-0.2,0.0,-0.15,0.0,1.0
1616.5586,500.0,342.3261,458.2875,54.279556,-157.67389,TBH,-0.1,-0.2,0.0,-0.15,0.0,1.0
1616.6385,500.0,382.97507,499.95,55.877068,-117.02493,TBH,-0.1,-0.2,0.0,-0.15,0.0,1.0
1616.7186,500.0,431.13568,541.61255,56.927406,-68.86432,TBH,-0.1,-0.2,0.0,-0.15,0.0,1.0
1616.7986,500.0,477.81665,624.93756,57.43779,-22.18335,TBH,-0.1,-0.2,0.0,-0.15,0.0,1.0
1616.7986,500.0,477.81665,624.93756,57.43779,-22.18335,TBH,-0.1,-0.2,0.0,-0.15,0.0,1.0
1616.8785,500.0,522.0189,624.93756,42.94894,22.01892,TBH,-0.1,-0.2,0.0,-0.15,0.0,1.0
1616.9586,500.0,568.38654,666.60004,42.325867,68.386536,TBH,-0.1,-0.2,0.0,-0.15,0.0,1.0
1616.9586,500.0,568.38654,666.60004,42.325867,68.386536,TBH,-0.1,-0.2,0.0,-0.15,0.0,1.0
1617.0386,500.0,602.1851,666.60004,41.238426,102.18512,TBH,-0.1,-0.2,0.0,-0.15,0.0,1.0
1617.1187,500.0,627.396,666.60004,39.794125,127.395996,TBH,-0.1,-0.2,0.0,-0.15,0.0,1.0
1617.1986,500.0,655.21875,708.15625,38.045555,155.21875,TBH,-0.1,-0.2,0.0,-0.15,0.0,1.0
1617.1986,500.0,655.21875,708.15625,38.045555,155.21875,TBH,-0.1,-0.2,0.0,-0.15,0.0,1.0
1617.2786,500.0,670.8277,708.2625,36.09177,170.8277,TBH,-0.1,-0.2,0.0,-0.15,0.0,1.0
1617.3586,500.0,684.09894,708.2625,33.950096,184.09894,TBH,-0.1,-0.2,0.0,-0.15,0.0,1.0
1617.3586,500.0,684.09894,708.2625,33.950096,184.09894,TBH,-0.1,-0.2,0.0,-0.15,0.0,1.0
1617.4386,500.0,692.4332,708.2625,31.675117,192.43323,TBH,-0.1,-0.2,0.0,-0.15,0.0,1.0
1617.5186,500.0,701.2743,708.2625,29.288828,201.27429,TBH,-0.1,-0.2,0.0,-0.15,0.0,1.0
1617.5986,500.0,689.371,666.60004,26.967434,189.37097,TBH,-0.1,-0.2,0.0,-0.15,0.0,1.0
1617.5986,500.0,689.371,666.60004,26.967434,189.37097,TBH,-0.1,-0.2,0.0,-0.15,0.0,1.0
1617.6786,500.0,682.6043,666.5334,24.784882,182.60431,TBH,-0.1,-0.2,0.0,-0.15,0.0,1.0
1617.7585,500.0,687.7056,708.2625,22.547468,187.70563,TBH,-0.1,-0.2,0.0,-0.15,0.0,1.0
1617.8386,500.0,684.22107,666.7001,20.328386,184.22107,TBH,-0.1,-0.2,0.0,-0.15,0.0,1.0
1617.9186,500.0,674.8073,666.60004,18.199213,174.80731,TBH,-0.1,-0.2,0.0,-0.15,0.0,1.0
1617.9985,500.0,659.5852,583.275,16.163218,159.5852,TBH,-0.1,-0.2,0.0,-0.15,0.0,1.0
1618.0786,500.0,646.5605,583.275,14.311552,146.56049,TBH,-0.1,-0.2,0.0,-0.15,0.0,1.0
1618.1586,500.0,631.2275,583.275,12.647564,131.22748,TBH,-0.1,-0.2,0.0,-0.15,0.0,1.0
1618.2386,500.0,611.0065,583.275,11.226593,111.00647,TBH,-0.1,-0.2,0.0,-0.15,0.0,1.0
1618.3186,500.0,590.6133,583.275,10.050975,90.61328,TBH,-0.1,-0.2,0.0,-0.15,0.0,1.0
1618.3986,500.0,565.8625,499.95,9.132703,65.86249,TBH,-0.1,-0.2,0.0,-0.15,0.0,1.0
1618.3986,500.0,565.8625,499.95,9.132703,65.86249,TBH,-0.1,-0.2,0.0,-0.15,0.0,1.0
1618.4786,500.0,549.6235,499.95,8.444249,49.623474,TBH,-0.1,-0.2,0.0,-0.15,0.0,1.0
1618.5586,500.0,524.64,458.2875,8.019695,24.640015,TBH,-0.1,-0.2,0.0,-0.15,0.0,1.0
1618.6385,500.0,493.58273,416.62503,25.473076,-6.417267,TBH,-0.1,-0.2,0.0,-0.15,0.0,1.0
1618.7186,500.0,459.6306,416.62503,25.806364,-40.369385,TBH,-0.1,-0.2,0.0,-0.15,0.0,1.0
1618.7986,500.0,416.19608,333.30002,26.633629,-83.803925,TBH,-0.1,-0.2,0.0,-0.15,0.0,1.0
1618.8785,500.0,384.66125,333.30002,27.907183,-115.338745,TBH,-0.1,-0.2,0.0,-0.15,0.0,1.0
1618.9586,500.0,378.02936,291.6375,29.228128,-121.97064,TBH,-0.1,-0.2,0.0,-0.15,0.0,1.0
1619.0386,500.0,362.6581,333.30002,30.813105,-137.34189,TBH,-0.1,-0.2,0.0,-0.15,0.0,1.0
1619.1187,500.0,355.94736,333.30002,32.506916,-144.05264,TBH,-0.1,-0.2,0.0,-0.15,0.0,1.0
1619.1986,500.0,354.9194,333.30002,34.229164,-145.0806,TBH,-0.1,-0.2,0.0,-0.15,0.0,1.0
1619.2786,500.0,362.2408,416.62503,35.92684,-137.75919,TBH,-0.1,-0.2,0.0,-0.15,0.0,1.0
1619.3586,500.0,366.6277,374.9625,37.545288,-133.37231,TBH,-0.1,-0.2,0.0,-0.15,0.0,1.0
1619.4386,500.0,383.83594,416.62503,39.009907,-116.16406,TBH,-0.1,-0.2,0.0,-0.15,0.0,1.0
1619.5186,500.0,392.08783,416.62503,40.357708,-107.91217,TBH,-0.1,-0.2,0.0,-0.15,0.0,1.0
1619.5986,500.0,411.9102,499.95,41.517914,-88.08981,TBH,-0.1,-0.2,0.0,-0.15,0.0,1.0
1619.6786,500.0,428.62387,499.90002,42.469326,-71.37613,TBH,-0.1,-0.2,0.0,-0.15,0.0,1.0
1619.7585,500.0,445.96777,458.2875,43.18746,-54.032227,TBH,-0.1,-0.2,0.0,-0.15,0.0,1.0
1619.8386,500.0,472.09097,541.61255,43.642784,-27.909027,TBH,-0.1,-0.2,0.0,-0.15,0.0,1.0
1619.9186,500.0,497.1458,583.275,43.819263,-2.854187,TBH,-0.1,-0.2,0.0,-0.15,0.0,1.0
1619.9985,500.0,512.4551,541.61255,34.561928,12.455078,TBH,-0.1,-0.2,0.0,-0.15,0.0,1.0
1620.0786,500.0,536.4918,583.275,34.210915,36.49182,TBH,-0.1,-0.2,0.0,-0.15,0.0,1.0
1620.1586,500.0,549.22406,583.275,33.679688,49.22406,TBH,-0.1,-0.2,0.0,-0.15,0.0,1.0
1620.1586,500.0,549.22406,583.275,33.679688,49.22406,TBH,-0.1,-0.2,0.0,-0.15,0.0,1.0
1620.2386,500.0,560.9543,583.275,32.996403,60.954285,TBH,-0.1,-0.2,0.0,-0.15,0.0,1.0
1620.3186,500.0,572.0241,583.275,32.170284,72.02411,TBH,-0.1,-0.2,0.0,-0.15,0.0,1.0
1620.3186,500.0,572.0241,583.275,32.170284,72.02411,TBH,-0.1,-0.2,0.0,-0.15,0.0,1.0
1620.3986,500.0,575.9118,583.275,31.275251,75.911804,TBH,-0.1,-0.2,0.0,-0.15,0.0,1.0
1620.4786,500.0,584.87494,583.275,30.267258,84.87494,TBH,-0.1,-0.2,0.0,-0.15,0.0,1.0
1620.5586,500.0,584.3432,583.275,29.252901,84.3432,TBH,-0.1,-0.2,0.0,-0.15,0.0,1.0
1620.6385,500.0,570.08325,583.275,28.367876,70.08325,TBH,-0.1,-0.2,0.0,-0.15,0.0,1.0
1620.6385,500.0,570.08325,583.275,28.367876,70.08325,TBH,-0.1,-0.2,0.0,-0.15,0.0,1.0
1620.7186,500.0,577.9721,541.61255,27.45588,77.97211,TBH,-0.1,-0.2,0.0,-0.15,0.0,1.0
1620.7986,500.0,596.76404,583.275,26.338266,96.76404,TBH,-0.1,-0.2,0.0,-0.15,0.0,1.0
1620.8785,500.0,583.8103,499.95,25.23852,83.8103,TBH,-0.1,-0.2,0.0,-0.15,0.0,1.0
1620.9586,500.0,587.39465,583.275,24.210297,87.39465,TBH,-0.1,-0.2,0.0,-0.15,0.0,1.0
1621.0386,500.0,560.7936,541.61255,23.367064,60.79358,TBH,-0.1,-0.2,0.0,-0.15,0.0,1.0
1621.1187,500.0,557.58936,541.61255,22.655548,57.589355,TBH,-0.1,-0.2,0.0,-0.15,0.0,1.0
1621.1986,500.0,556.2788,583.275,21.99516,56.27881,TBH,-0.1,-0.2,0.0,-0.15,0.0,1.0
1621.2786,500.0,544.0481,499.95,21.414928,44.048096,TBH,-0.1,-0.2,0.0,-0.15,0.0,1.0
1621.3586,500.0,539.4777,541.61255,20.916527,39.477722,TBH,-0.1,-0.2,0.0,-0.15,0.0,1.0
1621.4386,500.0,525.4844,458.2875,20.538713,25.484375,TBH,-0.1,-0.2,0.0,-0.15,0.0,1.0
1621.5186,500.0,532.2565,624.93756,20.221556,32.25647,TBH,-0.1,-0.2,0.0,-0.15,0.0,1.0
1621.5986,500.0,503.45813,458.2875,20.068998,3.45813,TBH,-0.1,-0.2,0.0,-0.15,0.0,1.0
1621.6786,500.0,493.9292,416.58337,27.352818,-6.070801,TBH,-0.1,-0.2,0.0,-0.15,0.0,1.0
1621.7585,500.0,484.7276,458.2875,27.479225,-15.2724,TBH,-0.1,-0.2,0.0,-0.15,0.0,1.0
1621.8386,500.0,494.55038,458.2875,27.431805,-5.449615,TBH,-0.1,-0.2,0.0,-0.15,0.0,1.0
1621.9186,500.0,481.71912,458.2875,27.58536,-18.280884,TBH,-0.1,-0.2,0.0,-0.15,0.0,1.0
1621.9186,500.0,481.71912,458.2875,27.58536,-18.280884,TBH,-0.1,-0.2,0.0,-0.15,0.0,1.0
1621.9985,500.0,474.0505,458.2875,27.878307,-25.949493,TBH,-0.1,-0.2,0.0,-0.15,0.0,1.0
1621.9985,500.0,474.0505,458.2875,27.878307,-25.949493,TBH,-0.1,-0.2,0.0,-0.15,0.0,1.0
1622.0786,500.0,469.35663,458.2875,28.251572,-30.643372,TBH,-0.1,-0.2,0.0,-0.15,0.0,1.0
1622.1586,500.0,465.93948,458.2875,28.659307,-34.060516,TBH,-0.1,-0.2,0.0,-0.15,0.0,1.0
1622.2386,500.0,459.15665,416.62503,29.101171,-40.843353,TBH,-0.1,-0.2,0.0,-0.15,0.0,1.0
1622.3186,500.0,458.11807,416.62503,29.573132,-41.881927,TBH,-0.1,-0.2,0.0,-0.15,0.0,1.0
1622.3986,500.0,449.52002,374.9625,30.090988,-50.47998,TBH,-0.1,-0.2,0.0,-0.15,0.0,1.0
1622.3986,500.0,449.52002,374.9625,30.090988,-50.47998,TBH,-0.1,-0.2,0.0,-0.15,0.0,1.0
1622.4786,500.0,462.0371,458.2875,30.553951,-37.96289,TBH,-0.1,-0.2,0.0,-0.15,0.0,1.0
1622.5586,500.0,464.9288,499.95,31.007027,-35.071198,TBH,-0.1,-0.2,0.0,-0.15,0.0,1.0
1622.6385,500.0,462.2435,416.62503,31.434528,-37.7565,TBH,-0.1,-0.2,0.0,-0.15,0.0,1.0
1622.7186,500.0,471.4771,499.95,31.808834,-28.522888,TBH,-0.1,-0.2,0.0,-0.15,0.0,1.0
1622.7986,500.0,478.2473,499.95,32.11663,-21.752686,TBH,-0.1,-0.2,0.0,-0.15,0.0,1.0
1622.8785,500.0,481.97678,499.95,32.342323,-18.023224,TBH,-0.1,-0.2,0.0,-0.15,0.0,1.0
1622.9586,500.0,491.54858,499.95,32.475765,-8.451416,TBH,-0.1,-0.2,0.0,-0.15,0.0,1.0
1623.0386,500.0,494.45584,500.05005,32.55426,-5.544159,TBH,-0.1,-0.2,0.0,-0.15,0.0,1.0
1623.1187,500.0,499.7361,499.95,29.994467,-0.263885,TBH,-0.1,-0.2,0.0,-0.15,0.0,1.0
1623.1986,500.0,503.20047,499.95,29.967766,3.20047,TBH,-0.1,-0.2,0.0,-0.15,0.0,1.0
1623.2786,500.0,508.5109,499.95,29.861149,8.510895,TBH,-0.1,-0.2,0.0,-0.15,0.0,1.0
1623.3586,500.0,512.37006,499.95,29.71535,12.370056,TBH,-0.1,-0.2,0.0,-0.15,0.0,1.0
1623.4386,500.0,514.52856,499.95,29.523624,14.528564,TBH,-0.1,-0.2,0.0,-0.15,0.0,1.0
1623.5186,500.0,516.31824,499.95,29.321949,16.318237,TBH,-0.1,-0.2,0.0,-0.15,0.0,1.0
1623.5186,500.0,516.31824,499.95,29.321949,16.318237,TBH,-0.1,-0.2,0.0,-0.15,0.0,1.0
1623.5986,500.0,509.19666,416.62503,29.129671,9.196655,TBH,-0.1,-0.2,0.0,-0.15,0.0,1.0
1623.6786,500.0,519.5647,499.90002,28.909761,19.564697,TBH,-0.1,-0.2,0.0,-0.15,0.0,1.0
1623.7585,500.0,523.41797,541.61255,28.63865,23.417969,TBH,-0.1,-0.2,0.0,-0.15,0.0,1.0
1623.7585,500.0,523.41797,541.61255,28.63865,23.417969,TBH,-0.1,-0.2,0.0,-0.15,0.0,1.0
1623.8386,500.0,518.7393,499.95,28.387325,18.739319,TBH,-0.1,-0.2,0.0,-0.15,0.0,1.0
1623.9186,500.0,522.5351,541.61255,28.114815,22.535095,TBH,-0.1,-0.2,0.0,-0.15,0.0,1.0
1623.9985,500.0,525.73804,541.61255,27.826294,25.738037,TBH,-0.1,-0.2,0.0,-0.15,0.0,1.0
1624.0786,500.0,517.3021,541.61255,27.59852,17.302124,TBH,-0.1,-0.2,0.0,-0.15,0.0,1.0
1624.1586,500.0,500.4757,499.95,28.752916,0.475708,TBH,-0.1,-0.2,0.0,-0.15,0.0,1.0
1624.1586,500.0,500.4757,499.95,28.752916,0.475708,TBH,-0.1,-0.2,0.0,-0.15,0.0,1.0
1624.2386,500.0,516.18695,624.93756,28.685293,16.18695,TBH,-0.1,-0.2,0.0,-0.15,0.0,1.0
1624.3186,500.0,527.27295,541.61255,28.359617,27.27295,TBH,-0.1,-0.2,0.0,-0.15,0.0,1.0
1624.3986,500.0,517.8924,499.95,28.106344,17.892395,TBH,-0.1,-0.2,0.0,-0.15,0.0,1.0
1624.4786,500.0,518.1503,499.95,27.863308,18.15033,TBH,-0.1,-0.2,0.0,-0.15,0.0,1.0
1624.5586,500.0,519.032,499.95,27.637112,19.031982,TBH,-0.1,-0.2,0.0,-0.15,0.0,1.0
1624.6385,500.0,512.48663,499.95,27.460386,12.486633,TBH,-0.1,-0.2,0.0,-0.15,0.0,1.0
1624.7186,500.0,504.02493,458.2875,27.356922,4.024933,TBH,-0.1,-0.2,0.0,-0.15,0.0,1.0
1624.7186,500.0,504.02493,458.2875,27.356922,4.024933,TBH,-0.1,-0.2,0.0,-0.15,0.0,1.0
1624.7986,500.0,501.18536,583.275,28.075705,1.185364,TBH,-0.1,-0.2,0.0,-0.15,0.0,1.0
1624.8785,500.0,513.9345,458.2875,27.919935,13.934509,TBH,-0.1,-0.2,0.0,-0.15,0.0,1.0
1624.9586,500.0,511.7619,458.2875,27.736277,11.761902,TBH,-0.1,-0.2,0.0,-0.15,0.0,1.0
1624.9586,500.0,511.7619,458.2875,27.736277,11.761902,TBH,-0.1,-0.2,0.0,-0.15,0.0,1.0
1625.0386,500.0,508.13345,541.61255,27.638304,8.133453,TBH,-0.1,-0.2,0.0,-0.15,0.0,1.0
1625.1187,500.0,509.79834,500.02505,27.55825,9.79834,TBH,-0.1,-0.2,0.0,-0.15,0.0,1.0
1625.1986,500.0,502.26068,458.2875,27.479734,2.260681,TBH,-0.1,-0.2,0.0,-0.15,0.0,1.0
1625.2786,500.0,494.27774,458.2875,27.80899,-5.72226,TBH,-0.1,-0.2,0.0,-0.15,0.0,1.0
1625.3586,500.0,477.74857,416.62503,27.987703,-22.251434,TBH,-0.1,-0.2,0.0,-0.15,0.0,1.0
1625.3586,500.0,477.74857,416.62503,27.987703,-22.251434,TBH,-0.1,-0.2,0.0,-0.15,0.0,1.0
1625.4386,500.0,500.85898,583.275,27.946297,0.858978,TBH,-0.1,-0.2,0.0,-0.15,0.0,1.0
1625.5186,500.0,500.56223,499.95,27.938286,0.562225,TBH,-0.1,-0.2,0.0,-0.15,0.0,1.0
1625.5986,500.0,496.99255,499.95,27.966116,-3.007446,TBH,-0.1,-0.2,0.0,-0.15,0.0,1.0
1625.6786,500.0,494.98303,499.90002,28.037008,-5.016968,TBH,-0.1,-0.2,0.0,-0.15,0.0,1.0
1625.7585,500.0,493.6732,499.95,28.126488,-6.326813,TBH,-0.1,-0.2,0.0,-0.15,0.0,1.0
1625.8386,500.0,492.81104,499.95,28.228209,-7.188965,TBH,-0.1,-0.2,0.0,-0.15,0.0,1.0
1625.9186,500.0,491.1153,458.2875,28.307426,-8.884705,TBH,-0.1,-0.2,0.0,-0.15,0.0,1.0
1625.9985,500.0,491.96533,583.275,28.455376,-8.034668,TBH,-0.1,-0.2,0.0,-0.15,0.0,1.0
1626.0786,500.0,494.72708,499.95,28.529942,-5.272919,TBH,-0.1,-0.2,0.0,-0.15,0.0,1.0
1626.1586,500.0,496.5391,499.95,28.578867,-3.460907,TBH,-0.1,-0.2,0.0,-0.15,0.0,1.0
1626.1586,500.0,496.5391,499.95,28.578867,-3.460907,TBH,-0.1,-0.2,0.0,-0.15,0.0,1.0
1626.2386,500.0,497.72906,499.95,28.610996,-2.270935,TBH,-0.1,-0.2,0.0,-0.15,0.0,1.0
1626.3186,500.0,498.9254,541.61255,28.643295,-1.074585,TBH,-0.1,-0.2,0.0,-0.15,0.0,1.0
1626.3986,500.0,499.29364,499.95,28.303688,-0.70636,TBH,-0.1,-0.2,0.0,-0.15,0.0,1.0
1626.3986,500.0,499.29364,499.95,28.303688,-0.70636,TBH,-0.1,-0.2,0.0,-0.15,0.0,1.0
1626.4786,500.0,496.53522,499.95,28.336384,-3.464783,TBH,-0.1,-0.2,0.0,-0.15,0.0,1.0
1626.5586,500.0,490.52127,458.2875,28.424006,-9.478729,TBH,-0.1,-0.2,0.0,-0.15,0.0,1.0
1626.6385,500.0,502.8264,583.275,28.41035,2.826385,TBH,-0.1,-0.2,0.0,-0.15,0.0,1.0
1626.7186,500.0,502.64517,541.61255,28.407906,2.645172,TBH,-0.1,-0.2,0.0,-0.15,0.0,1.0
1626.7986,500.0,498.6967,499.95,28.423622,-1.303314,TBH,-0.1,-0.2,0.0,-0.15,0.0,1.0
1626.8785,500.0,499.14355,499.95,28.424416,-0.856445,TBH,-0.1,-0.2,0.0,-0.15,0.0,1.0
1626.8785,500.0,499.14355,499.95,28.424416,-0.856445,TBH,-0.1,-0.2,0.0,-0.15,0.0,1.0
1626.9586,500.0,503.1867,499.95,28.410433,3.186707,TBH,-0.1,-0.2,0.0,-0.15,0.0,1.0
1627.0386,500.0,498.3406,499.95,28.41478,-1.659393,TBH,-0.1,-0.2,0.0,-0.15,0.0,1.0
1627.1187,500.0,498.53494,499.95,28.417112,-1.465057,TBH,-0.1,-0.2,0.0,-0.15,0.0,1.0
1627.1187,500.0,498.53494,499.95,28.417112,-1.465057,TBH,-0.1,-0.2,0.0,-0.15,0.0,1.0
1627.1986,500.0,489.21255,499.95,28.540405,-10.787445,TBH,-0.1,-0.2,0.0,-0.15,0.0,1.0
1627.2786,500.0,503.0834,499.95,28.471695,3.083405,TBH,-0.1,-0.2,0.0,-0.15,0.0,1.0
1627.3586,500.0,502.02167,499.95,28.44303,2.021667,TBH,-0.1,-0.2,0.0,-0.15,0.0,1.0
1627.3586,500.0,502.02167,499.95,28.44303,2.021667,TBH,-0.1,-0.2,0.0,-0.15,0.0,1.0
1627.4386,500.0,501.32617,499.95,28.424252,1.326172,TBH,-0.1,-0.2,0.0,-0.15,0.0,1.0
1627.5186,500.0,500.86877,499.95,28.44512,0.868774,TBH,-0.1,-0.2,0.0,-0.15,0.0,1.0
1627.5986,500.0,500.56863,499.95,28.437016,0.568634,TBH,-0.1,-0.2,0.0,-0.15,0.0,1.0
1627.6786,500.0,500.36673,499.90002,28.431713,0.36673,TBH,-0.1,-0.2,0.0,-0.15,0.0,1.0
1627.6786,500.0,500.36673,499.90002,28.431713,0.36673,TBH,-0.1,-0.2,0.0,-0.15,0.0,1.0
1627.7585,500.0,496.49295,499.95,28.45511,-3.50705,TBH,-0.1,-0.2,0.0,-0.15,0.0,1.0
1627.8386,500.0,502.57773,541.61255,28.469494,2.577728,TBH,-0.1,-0.2,0.0,-0.15,0.0,1.0
1627.9186,500.0,501.6899,499.95,28.445522,1.689911,TBH,-0.1,-0.2,0.0,-0.15,0.0,1.0
1627.9985,500.0,501.10742,499.95,28.429794,1.107422,TBH,-0.1,-0.2,0.0,-0.15,0.0,1.0
1628.0786,500.0,496.97528,499.95,28.460896,-3.024719,TBH,-0.1,-0.2,0.0,-0.15,0.0,1.0
1628.1586,500.0,498.35162,499.95,28.498055,-1.648376,TBH,-0.1,-0.2,0.0,-0.15,0.0,1.0
1628.1586,500.0,498.35162,499.95,28.498055,-1.648376,TBH,-0.1,-0.2,0.0,-0.15,0.0,1.0
1628.2386,500.0,495.1683,499.95,28.5371,-4.831696,TBH,-0.1,-0.2,0.0,-0.15,0.0,1.0
1628.3186,500.0,493.0786,499.95,28.605677,-6.921387,TBH,-0.1,-0.2,0.0,-0.15,0.0,1.0
1628.3186,500.0,493.0786,499.95,28.605677,-6.921387,TBH,-0.1,-0.2,0.0,-0.15,0.0,1.0
1628.3986,500.0,481.58688,541.61255,28.795397,-18.413116,TBH,-0.1,-0.2,0.0,-0.15,0.0,1.0
1628.4786,500.0,497.36774,499.95,28.846483,-2.632263,TBH,-0.1,-0.2,0.0,-0.15,0.0,1.0
1628.5586,500.0,494.5217,499.95,28.894636,-5.478302,TBH,-0.1,-0.2,0.0,-0.15,0.0,1.0
1628.6385,500.0,492.23877,458.2875,28.958,-7.76123,TBH,-0.1,-0.2,0.0,-0.15,0.0,1.0
1628.7186,500.0,494.90695,499.95,29.03004,-5.093048,TBH,-0.1,-0.2,0.0,-0.15,0.0,1.0
1628.7186,500.0,494.90695,499.95,29.03004,-5.093048,TBH,-0.1,-0.2,0.0,-0.15,0.0,1.0
1628.7986,500.0,496.6571,499.95,29.077293,-3.342896,TBH,-0.1,-0.2,0.0,-0.15,0.0,1.0
1628.8785,500.0,497.80536,499.95,29.108297,-2.194641,TBH,-0.1,-0.2,0.0,-0.15,0.0,1.0
1628.9586,500.0,494.3921,458.2875,29.14114,-5.60791,TBH,-0.1,-0.2,0.0,-0.15,0.0,1.0
1628.9586,500.0,494.3921,458.2875,29.14114,-5.60791,TBH,-0.1,-0.2,0.0,-0.15,0.0,1.0
1629.0386,500.0,501.19937,541.61255,28.825878,1.199371,TBH,-0.1,-0.2,0.0,-0.15,0.0,1.0
1629.1187,500.0,500.78555,499.95,28.817795,0.785553,TBH,-0.1,-0.2,0.0,-0.15,0.0,1.0
1629.1187,500.0,500.78555,499.95,28.817795,0.785553,TBH,-0.1,-0.2,0.0,-0.15,0.0,1.0
1629.1986,500.0,504.68073,541.61255,28.810375,4.680725,TBH,-0.1,-0.2,0.0,-0.15,0.0,1.0
1629.1986,500.0,504.68073,541.61255,28.810375,4.680725,TBH,-0.1,-0.2,0.0,-0.15,0.0,1.0
1629.2786,500.0,503.0697,499.95,28.766874,3.069702,TBH,-0.1,-0.2,0.0,-0.15,0.0,1.0
1629.3586,500.0,505.76263,499.95,28.714582,5.762634,TBH,-0.1,-0.2,0.0,-0.15,0.0,1.0
1629.4386,500.0,503.78067,499.95,28.661068,3.78067,TBH,-0.1,-0.2,0.0,-0.15,0.0,1.0
1629.5186,500.0,502.06247,458.2875,28.614677,2.062469,TBH,-0.1,-0.2,0.0,-0.15,0.0,1.0
1629.5986,500.0,494.26862,541.61255,28.740908,-5.731384,TBH,-0.1,-0.2,0.0,-0.15,0.0,1.0
1629.6786,500.0,509.808,499.90002,28.656794,9.808014,TBH,-0.1,-0.2,0.0,-0.15,0.0,1.0
1629.7585,500.0,510.6041,541.61255,28.553137,10.604095,TBH,-0.1,-0.2,0.0,-0.15,0.0,1.0
1629.8386,500.0,506.95712,499.95,28.45467,6.957123,TBH,-0.1,-0.2,0.0,-0.15,0.0,1.0
1629.9186,500.0,509.06738,541.61255,28.386646,9.067383,TBH,-0.1,-0.2,0.0,-0.15,0.0,1.0
1629.9985,500.0,505.94775,499.95,28.302418,5.947754,TBH,-0.1,-0.2,0.0,-0.15,0.0,1.0
1630.0786,500.0,503.90097,499.95,28.247154,3.90097,TBH,-0.1,-0.2,0.0,-0.15,0.0,1.0
1630.1586,500.0,494.64148,458.2875,28.495382,-5.358521,TBH,-0.1,-0.2,0.0,-0.15,0.0,1.0
1630.2386,500.0,505.52966,583.275,28.509335,5.529663,TBH,-0.1,-0.2,0.0,-0.15,0.0,1.0
1630.3186,500.0,510.75156,499.95,28.400326,10.751556,TBH,-0.1,-0.2,0.0,-0.15,0.0,1.0
1630.3986,500.0,507.05276,499.95,28.300459,7.052765,TBH,-0.1,-0.2,0.0,-0.15,0.0,1.0
1630.3986,500.0,507.05276,499.95,28.300459,7.052765,TBH,-0.1,-0.2,0.0,-0.15,0.0,1.0
1630.4786,500.0,504.62598,499.95,28.234934,4.625977,TBH,-0.1,-0.2,0.0,-0.15,0.0,1.0
1630.5586,500.0,507.20044,541.61255,28.179441,7.200439,TBH,-0.1,-0.2,0.0,-0.15,0.0,1.0
1630.5586,500.0,507.20044,541.61255,28.179441,7.200439,TBH,-0.1,-0.2,0.0,-0.15,0.0,1.0
1630.6385,500.0,501.3116,499.95,28.145435,1.311615,TBH,-0.1,-0.2,0.0,-0.15,0.0,1.0
1630.7186,500.0,503.89713,499.95,28.090246,3.897125,TBH,-0.1,-0.2,0.0,-0.15,0.0,1.0
1630.7986,500.0,499.9348,541.61255,28.3088,-0.065186,TBH,-0.1,-0.2,0.0,-0.15,0.0,1.0
1630.8785,500.0,506.7058,499.95,28.253963,6.705811,TBH,-0.1,-0.2,0.0,-0.15,0.0,1.0
1630.9586,500.0,504.39832,499.95,28.19166,4.398315,TBH,-0.1,-0.2,0.0,-0.15,0.0,1.0
1631.0386,500.0,502.8855,499.95,28.150816,2.885498,TBH,-0.1,-0.2,0.0,-0.15,0.0,1.0
1631.0386,500.0,502.8855,499.95,28.150816,2.885498,TBH,-0.1,-0.2,0.0,-0.15,0.0,1.0
1631.1187,500.0,503.02103,541.61255,28.225462,3.021027,TBH,-0.1,-0.2,0.0,-0.15,0.0,1.0
1631.1986,500.0,501.98074,499.95,28.197374,1.980743,TBH,-0.1,-0.2,0.0,-0.15,0.0,1.0
1631.2786,500.0,494.4691,458.2875,28.255032,-5.530914,TBH,-0.1,-0.2,0.0,-0.15,0.0,1.0
1631.3586,500.0,488.4115,416.62503,28.341478,-11.588501,TBH,-0.1,-0.2,0.0,-0.15,0.0,1.0
1631.4386,500.0,501.40482,583.275,28.328636,1.404816,TBH,-0.1,-0.2,0.0,-0.15,0.0,1.0
1631.5186,500.0,497.12866,458.2875,28.333408,-2.871338,TBH,-0.1,-0.2,0.0,-0.15,0.0,1.0
1631.5186,500.0,497.12866,458.2875,28.333408,-2.871338,TBH,-0.1,-0.2,0.0,-0.15,0.0,1.0
1631.5986,500.0,495.0773,499.95,28.403019,-4.922699,TBH,-0.1,-0.2,0.0,-0.15,0.0,1.0
1631.6786,500.0,496.76392,499.90002,28.448708,-3.236084,TBH,-0.1,-0.2,0.0,-0.15,0.0,1.0
1631.7585,500.0,497.8791,499.95,28.478666,-2.120911,TBH,-0.1,-0.2,0.0,-0.15,0.0,1.0
1631.7585,500.0,497.8791,499.95,28.478666,-2.120911,TBH,-0.1,-0.2,0.0,-0.15,0.0,1.0
1631.8386,500.0,498.60825,499.95,28.498352,-1.391754,TBH,-0.1,-0.2,0.0,-0.15,0.0,1.0
1631.9186,500.0,499.0855,499.95,28.422323,-0.91449,TBH,-0.1,-0.2,0.0,-0.15,0.0,1.0
1631.9186,500.0,499.0855,499.95,28.422323,-0.91449,TBH,-0.1,-0.2,0.0,-0.15,0.0,1.0
1631.9985,500.0,493.40292,541.61255,28.511412,-6.597076,TBH,-0.1,-0.2,0.0,-0.15,0.0,1.0
1632.0786,500.0,502.08273,499.95,28.456179,2.082733,TBH,-0.1,-0.2,0.0,-0.15,0.0,1.0
